;longitude;latitude;level;time;nh3_conc
0;359.8500061035156;42.75;50.0;0 days 00:00:00;0.052584603
1;359.8500061035156;42.75;50.0;0 days 01:00:00;0.03811529
2;359.8500061035156;42.650001525878906;50.0;0 days 00:00:00;0.14229506
3;359.8500061035156;42.650001525878906;50.0;0 days 01:00:00;0.10984191
4;359.8500061035156;42.54999923706055;50.0;0 days 00:00:00;0.5069509
5;359.8500061035156;42.54999923706055;50.0;0 days 01:00:00;0.3672458
6;359.8500061035156;42.45000076293945;50.0;0 days 00:00:00;0.4007239
7;359.8500061035156;42.45000076293945;50.0;0 days 01:00:00;0.42919356
8;359.8500061035156;42.349998474121094;50.0;0 days 00:00:00;0.26038903
9;359.8500061035156;42.349998474121094;50.0;0 days 01:00:00;0.47588956
10;359.8500061035156;42.25;50.0;0 days 00:00:00;0.32335645
11;359.8500061035156;42.25;50.0;0 days 01:00:00;0.3248779
12;359.8500061035156;42.150001525878906;50.0;0 days 00:00:00;0.45006043
13;359.8500061035156;42.150001525878906;50.0;0 days 01:00:00;0.4491465
14;359.8500061035156;42.04999923706055;50.0;0 days 00:00:00;0.5009078
15;359.8500061035156;42.04999923706055;50.0;0 days 01:00:00;0.5359304
16;359.8500061035156;41.95000076293945;50.0;0 days 00:00:00;0.65574837
17;359.8500061035156;41.95000076293945;50.0;0 days 01:00:00;0.7020757
18;359.8500061035156;41.849998474121094;50.0;0 days 00:00:00;0.5253336
19;359.8500061035156;41.849998474121094;50.0;0 days 01:00:00;0.5718199
20;359.8500061035156;41.75;50.0;0 days 00:00:00;0.35559288
21;359.8500061035156;41.75;50.0;0 days 01:00:00;0.46992898
22;359.8500061035156;41.650001525878906;50.0;0 days 00:00:00;0.30715698
23;359.8500061035156;41.650001525878906;50.0;0 days 01:00:00;0.4094547
24;359.8500061035156;41.54999923706055;50.0;0 days 00:00:00;0.33934632
25;359.8500061035156;41.54999923706055;50.0;0 days 01:00:00;0.40896708
26;359.8500061035156;41.45000076293945;50.0;0 days 00:00:00;0.34586734
27;359.8500061035156;41.45000076293945;50.0;0 days 01:00:00;0.4865548
28;359.8500061035156;41.349998474121094;50.0;0 days 00:00:00;0.47227287
29;359.8500061035156;41.349998474121094;50.0;0 days 01:00:00;0.568324
30;359.8500061035156;41.25;50.0;0 days 00:00:00;0.5114318
31;359.8500061035156;41.25;50.0;0 days 01:00:00;0.62665606
32;359.8500061035156;41.150001525878906;50.0;0 days 00:00:00;0.49766767
33;359.8500061035156;41.150001525878906;50.0;0 days 01:00:00;0.5765344
34;359.8500061035156;41.04999923706055;50.0;0 days 00:00:00;0.43142024
35;359.8500061035156;41.04999923706055;50.0;0 days 01:00:00;0.49008796
36;359.8500061035156;40.95000076293945;50.0;0 days 00:00:00;0.34776095
37;359.8500061035156;40.95000076293945;50.0;0 days 01:00:00;0.52137583
38;359.95001220703125;42.75;50.0;0 days 00:00:00;0.04628653
39;359.95001220703125;42.75;50.0;0 days 01:00:00;0.036587622
40;359.95001220703125;42.650001525878906;50.0;0 days 00:00:00;0.13922818
41;359.95001220703125;42.650001525878906;50.0;0 days 01:00:00;0.09434764
42;359.95001220703125;42.54999923706055;50.0;0 days 00:00:00;0.33021054
43;359.95001220703125;42.54999923706055;50.0;0 days 01:00:00;0.2663585
44;359.95001220703125;42.45000076293945;50.0;0 days 00:00:00;0.35573766
45;359.95001220703125;42.45000076293945;50.0;0 days 01:00:00;0.62032515
46;359.95001220703125;42.349998474121094;50.0;0 days 00:00:00;0.30336976
47;359.95001220703125;42.349998474121094;50.0;0 days 01:00:00;0.6527978
48;359.95001220703125;42.25;50.0;0 days 00:00:00;0.38816595
49;359.95001220703125;42.25;50.0;0 days 01:00:00;0.54195404
50;359.95001220703125;42.150001525878906;50.0;0 days 00:00:00;0.56468076
51;359.95001220703125;42.150001525878906;50.0;0 days 01:00:00;0.70701844
52;359.95001220703125;42.04999923706055;50.0;0 days 00:00:00;0.53066176
53;359.95001220703125;42.04999923706055;50.0;0 days 01:00:00;0.6995666
54;359.95001220703125;41.95000076293945;50.0;0 days 00:00:00;0.5949552
55;359.95001220703125;41.95000076293945;50.0;0 days 01:00:00;0.68688697
56;359.95001220703125;41.849998474121094;50.0;0 days 00:00:00;0.5918874
57;359.95001220703125;41.849998474121094;50.0;0 days 01:00:00;0.68289286
58;359.95001220703125;41.75;50.0;0 days 00:00:00;0.42522874
59;359.95001220703125;41.75;50.0;0 days 01:00:00;0.4967138
60;359.95001220703125;41.650001525878906;50.0;0 days 00:00:00;0.32326764
61;359.95001220703125;41.650001525878906;50.0;0 days 01:00:00;0.42031088
62;359.95001220703125;41.54999923706055;50.0;0 days 00:00:00;0.3498215
63;359.95001220703125;41.54999923706055;50.0;0 days 01:00:00;0.41135007
64;359.95001220703125;41.45000076293945;50.0;0 days 00:00:00;0.30993518
65;359.95001220703125;41.45000076293945;50.0;0 days 01:00:00;0.4945031
66;359.95001220703125;41.349998474121094;50.0;0 days 00:00:00;0.4018581
67;359.95001220703125;41.349998474121094;50.0;0 days 01:00:00;0.524663
68;359.95001220703125;41.25;50.0;0 days 00:00:00;0.4754357
69;359.95001220703125;41.25;50.0;0 days 01:00:00;0.63684434
70;359.95001220703125;41.150001525878906;50.0;0 days 00:00:00;0.46012083
71;359.95001220703125;41.150001525878906;50.0;0 days 01:00:00;0.54919183
72;359.95001220703125;41.04999923706055;50.0;0 days 00:00:00;0.4233254
73;359.95001220703125;41.04999923706055;50.0;0 days 01:00:00;0.50224715
74;359.95001220703125;40.95000076293945;50.0;0 days 00:00:00;0.33948576
75;359.95001220703125;40.95000076293945;50.0;0 days 01:00:00;0.44042635
76;0.05000000074505806;42.75;50.0;0 days 00:00:00;0.04472156
77;0.05000000074505806;42.75;50.0;0 days 01:00:00;0.033000268
78;0.05000000074505806;42.650001525878906;50.0;0 days 00:00:00;0.12775825
79;0.05000000074505806;42.650001525878906;50.0;0 days 01:00:00;0.08984014
80;0.05000000074505806;42.54999923706055;50.0;0 days 00:00:00;0.30315572
81;0.05000000074505806;42.54999923706055;50.0;0 days 01:00:00;0.30291414
82;0.05000000074505806;42.45000076293945;50.0;0 days 00:00:00;0.5564082
83;0.05000000074505806;42.45000076293945;50.0;0 days 01:00:00;0.8001555
84;0.05000000074505806;42.349998474121094;50.0;0 days 00:00:00;0.45130032
85;0.05000000074505806;42.349998474121094;50.0;0 days 01:00:00;0.8544374
86;0.05000000074505806;42.25;50.0;0 days 00:00:00;0.61130744
87;0.05000000074505806;42.25;50.0;0 days 01:00:00;0.772161
88;0.05000000074505806;42.150001525878906;50.0;0 days 00:00:00;0.9125571
89;0.05000000074505806;42.150001525878906;50.0;0 days 01:00:00;1.1494201
90;0.05000000074505806;42.04999923706055;50.0;0 days 00:00:00;0.88312733
91;0.05000000074505806;42.04999923706055;50.0;0 days 01:00:00;1.2306885
92;0.05000000074505806;41.95000076293945;50.0;0 days 00:00:00;0.8764909
93;0.05000000074505806;41.95000076293945;50.0;0 days 01:00:00;0.8956933
94;0.05000000074505806;41.849998474121094;50.0;0 days 00:00:00;0.665044
95;0.05000000074505806;41.849998474121094;50.0;0 days 01:00:00;0.78232884
96;0.05000000074505806;41.75;50.0;0 days 00:00:00;0.46511418
97;0.05000000074505806;41.75;50.0;0 days 01:00:00;0.59256154
98;0.05000000074505806;41.650001525878906;50.0;0 days 00:00:00;0.34447733
99;0.05000000074505806;41.650001525878906;50.0;0 days 01:00:00;0.47324634
100;0.05000000074505806;41.54999923706055;50.0;0 days 00:00:00;0.34990498
101;0.05000000074505806;41.54999923706055;50.0;0 days 01:00:00;0.4626024
102;0.05000000074505806;41.45000076293945;50.0;0 days 00:00:00;0.35228443
103;0.05000000074505806;41.45000076293945;50.0;0 days 01:00:00;0.50919
104;0.05000000074505806;41.349998474121094;50.0;0 days 00:00:00;0.3797398
105;0.05000000074505806;41.349998474121094;50.0;0 days 01:00:00;0.48865002
106;0.05000000074505806;41.25;50.0;0 days 00:00:00;0.45253932
107;0.05000000074505806;41.25;50.0;0 days 01:00:00;0.62242657
108;0.05000000074505806;41.150001525878906;50.0;0 days 00:00:00;0.4195435
109;0.05000000074505806;41.150001525878906;50.0;0 days 01:00:00;0.52522695
110;0.05000000074505806;41.04999923706055;50.0;0 days 00:00:00;0.38053295
111;0.05000000074505806;41.04999923706055;50.0;0 days 01:00:00;0.4848113
112;0.05000000074505806;40.95000076293945;50.0;0 days 00:00:00;0.3308074
113;0.05000000074505806;40.95000076293945;50.0;0 days 01:00:00;0.41254112
114;0.15000000596046448;42.75;50.0;0 days 00:00:00;0.0699405
115;0.15000000596046448;42.75;50.0;0 days 01:00:00;0.041222136
116;0.15000000596046448;42.650001525878906;50.0;0 days 00:00:00;0.20469226
117;0.15000000596046448;42.650001525878906;50.0;0 days 01:00:00;0.18631762
118;0.15000000596046448;42.54999923706055;50.0;0 days 00:00:00;0.44047698
119;0.15000000596046448;42.54999923706055;50.0;0 days 01:00:00;0.4009344
120;0.15000000596046448;42.45000076293945;50.0;0 days 00:00:00;1.0130181
121;0.15000000596046448;42.45000076293945;50.0;0 days 01:00:00;1.2013448
122;0.15000000596046448;42.349998474121094;50.0;0 days 00:00:00;1.0610464
123;0.15000000596046448;42.349998474121094;50.0;0 days 01:00:00;1.3528743
124;0.15000000596046448;42.25;50.0;0 days 00:00:00;0.8464269
125;0.15000000596046448;42.25;50.0;0 days 01:00:00;1.2806014
126;0.15000000596046448;42.150001525878906;50.0;0 days 00:00:00;1.2144854
127;0.15000000596046448;42.150001525878906;50.0;0 days 01:00:00;1.695331
128;0.15000000596046448;42.04999923706055;50.0;0 days 00:00:00;1.2430004
129;0.15000000596046448;42.04999923706055;50.0;0 days 01:00:00;1.8074173
130;0.15000000596046448;41.95000076293945;50.0;0 days 00:00:00;1.214131
131;0.15000000596046448;41.95000076293945;50.0;0 days 01:00:00;1.5343735
132;0.15000000596046448;41.849998474121094;50.0;0 days 00:00:00;1.0048647
133;0.15000000596046448;41.849998474121094;50.0;0 days 01:00:00;1.153408
134;0.15000000596046448;41.75;50.0;0 days 00:00:00;0.59984726
135;0.15000000596046448;41.75;50.0;0 days 01:00:00;0.7673604
136;0.15000000596046448;41.650001525878906;50.0;0 days 00:00:00;0.4195373
137;0.15000000596046448;41.650001525878906;50.0;0 days 01:00:00;0.5748424
138;0.15000000596046448;41.54999923706055;50.0;0 days 00:00:00;0.38546765
139;0.15000000596046448;41.54999923706055;50.0;0 days 01:00:00;0.5369838
140;0.15000000596046448;41.45000076293945;50.0;0 days 00:00:00;0.38955238
141;0.15000000596046448;41.45000076293945;50.0;0 days 01:00:00;0.50079316
142;0.15000000596046448;41.349998474121094;50.0;0 days 00:00:00;0.34518877
143;0.15000000596046448;41.349998474121094;50.0;0 days 01:00:00;0.424218
144;0.15000000596046448;41.25;50.0;0 days 00:00:00;0.4285514
145;0.15000000596046448;41.25;50.0;0 days 01:00:00;0.5562324
146;0.15000000596046448;41.150001525878906;50.0;0 days 00:00:00;0.41810378
147;0.15000000596046448;41.150001525878906;50.0;0 days 01:00:00;0.5309113
148;0.15000000596046448;41.04999923706055;50.0;0 days 00:00:00;0.36736748
149;0.15000000596046448;41.04999923706055;50.0;0 days 01:00:00;0.45811087
150;0.15000000596046448;40.95000076293945;50.0;0 days 00:00:00;0.32805046
151;0.15000000596046448;40.95000076293945;50.0;0 days 01:00:00;0.39448178
152;0.25;42.75;50.0;0 days 00:00:00;0.13518165
153;0.25;42.75;50.0;0 days 01:00:00;0.091662675
154;0.25;42.650001525878906;50.0;0 days 00:00:00;0.26860026
155;0.25;42.650001525878906;50.0;0 days 01:00:00;0.23500668
156;0.25;42.54999923706055;50.0;0 days 00:00:00;0.5343752
157;0.25;42.54999923706055;50.0;0 days 01:00:00;0.7380043
158;0.25;42.45000076293945;50.0;0 days 00:00:00;1.2140973
159;0.25;42.45000076293945;50.0;0 days 01:00:00;1.408222
160;0.25;42.349998474121094;50.0;0 days 00:00:00;1.220382
161;0.25;42.349998474121094;50.0;0 days 01:00:00;1.7262537
162;0.25;42.25;50.0;0 days 00:00:00;1.1444712
163;0.25;42.25;50.0;0 days 01:00:00;1.7894636
164;0.25;42.150001525878906;50.0;0 days 00:00:00;1.4317089
165;0.25;42.150001525878906;50.0;0 days 01:00:00;2.0320964
166;0.25;42.04999923706055;50.0;0 days 00:00:00;1.5247563
167;0.25;42.04999923706055;50.0;0 days 01:00:00;2.114362
168;0.25;41.95000076293945;50.0;0 days 00:00:00;1.2130572
169;0.25;41.95000076293945;50.0;0 days 01:00:00;1.9516406
170;0.25;41.849998474121094;50.0;0 days 00:00:00;1.3472556
171;0.25;41.849998474121094;50.0;0 days 01:00:00;1.6813954
172;0.25;41.75;50.0;0 days 00:00:00;0.90826637
173;0.25;41.75;50.0;0 days 01:00:00;1.1065549
174;0.25;41.650001525878906;50.0;0 days 00:00:00;0.5577006
175;0.25;41.650001525878906;50.0;0 days 01:00:00;0.68913585
176;0.25;41.54999923706055;50.0;0 days 00:00:00;0.43843064
177;0.25;41.54999923706055;50.0;0 days 01:00:00;0.566045
178;0.25;41.45000076293945;50.0;0 days 00:00:00;0.38944048
179;0.25;41.45000076293945;50.0;0 days 01:00:00;0.5073604
180;0.25;41.349998474121094;50.0;0 days 00:00:00;0.3238334
181;0.25;41.349998474121094;50.0;0 days 01:00:00;0.41320193
182;0.25;41.25;50.0;0 days 00:00:00;0.41247717
183;0.25;41.25;50.0;0 days 01:00:00;0.49077985
184;0.25;41.150001525878906;50.0;0 days 00:00:00;0.40463543
185;0.25;41.150001525878906;50.0;0 days 01:00:00;0.52700686
186;0.25;41.04999923706055;50.0;0 days 00:00:00;0.3586287
187;0.25;41.04999923706055;50.0;0 days 01:00:00;0.48835602
188;0.25;40.95000076293945;50.0;0 days 00:00:00;0.29304558
189;0.25;40.95000076293945;50.0;0 days 01:00:00;0.40285552
190;0.3499999940395355;42.75;50.0;0 days 00:00:00;0.23828672
191;0.3499999940395355;42.75;50.0;0 days 01:00:00;0.17874414
192;0.3499999940395355;42.650001525878906;50.0;0 days 00:00:00;0.24243896
193;0.3499999940395355;42.650001525878906;50.0;0 days 01:00:00;0.21539837
194;0.3499999940395355;42.54999923706055;50.0;0 days 00:00:00;0.38625014
195;0.3499999940395355;42.54999923706055;50.0;0 days 01:00:00;0.47621906
196;0.3499999940395355;42.45000076293945;50.0;0 days 00:00:00;0.82807004
197;0.3499999940395355;42.45000076293945;50.0;0 days 01:00:00;0.88376504
198;0.3499999940395355;42.349998474121094;50.0;0 days 00:00:00;1.4690951
199;0.3499999940395355;42.349998474121094;50.0;0 days 01:00:00;1.6715101
200;0.3499999940395355;42.25;50.0;0 days 00:00:00;1.240231
201;0.3499999940395355;42.25;50.0;0 days 01:00:00;1.9659412
202;0.3499999940395355;42.150001525878906;50.0;0 days 00:00:00;1.8167237
203;0.3499999940395355;42.150001525878906;50.0;0 days 01:00:00;2.328802
204;0.3499999940395355;42.04999923706055;50.0;0 days 00:00:00;1.342177
205;0.3499999940395355;42.04999923706055;50.0;0 days 01:00:00;2.1455433
206;0.3499999940395355;41.95000076293945;50.0;0 days 00:00:00;1.4795755
207;0.3499999940395355;41.95000076293945;50.0;0 days 01:00:00;2.2513537
208;0.3499999940395355;41.849998474121094;50.0;0 days 00:00:00;1.5483712
209;0.3499999940395355;41.849998474121094;50.0;0 days 01:00:00;1.9887416
210;0.3499999940395355;41.75;50.0;0 days 00:00:00;1.4856933
211;0.3499999940395355;41.75;50.0;0 days 01:00:00;1.6849526
212;0.3499999940395355;41.650001525878906;50.0;0 days 00:00:00;0.9447501
213;0.3499999940395355;41.650001525878906;50.0;0 days 01:00:00;0.9543246
214;0.3499999940395355;41.54999923706055;50.0;0 days 00:00:00;0.510636
215;0.3499999940395355;41.54999923706055;50.0;0 days 01:00:00;0.6921725
216;0.3499999940395355;41.45000076293945;50.0;0 days 00:00:00;0.41676974
217;0.3499999940395355;41.45000076293945;50.0;0 days 01:00:00;0.5643832
218;0.3499999940395355;41.349998474121094;50.0;0 days 00:00:00;0.33397195
219;0.3499999940395355;41.349998474121094;50.0;0 days 01:00:00;0.4701306
220;0.3499999940395355;41.25;50.0;0 days 00:00:00;0.379095
221;0.3499999940395355;41.25;50.0;0 days 01:00:00;0.49309802
222;0.3499999940395355;41.150001525878906;50.0;0 days 00:00:00;0.3956222
223;0.3499999940395355;41.150001525878906;50.0;0 days 01:00:00;0.4888463
224;0.3499999940395355;41.04999923706055;50.0;0 days 00:00:00;0.35231373
225;0.3499999940395355;41.04999923706055;50.0;0 days 01:00:00;0.47300297
226;0.3499999940395355;40.95000076293945;50.0;0 days 00:00:00;0.2850733
227;0.3499999940395355;40.95000076293945;50.0;0 days 01:00:00;0.41365755
228;0.44999998807907104;42.75;50.0;0 days 00:00:00;0.24154279
229;0.44999998807907104;42.75;50.0;0 days 01:00:00;0.16999291
230;0.44999998807907104;42.650001525878906;50.0;0 days 00:00:00;0.18133406
231;0.44999998807907104;42.650001525878906;50.0;0 days 01:00:00;0.18602009
232;0.44999998807907104;42.54999923706055;50.0;0 days 00:00:00;0.263789
233;0.44999998807907104;42.54999923706055;50.0;0 days 01:00:00;0.39124793
234;0.44999998807907104;42.45000076293945;50.0;0 days 00:00:00;0.5678089
235;0.44999998807907104;42.45000076293945;50.0;0 days 01:00:00;0.6917249
236;0.44999998807907104;42.349998474121094;50.0;0 days 00:00:00;1.239842
237;0.44999998807907104;42.349998474121094;50.0;0 days 01:00:00;1.5385125
238;0.44999998807907104;42.25;50.0;0 days 00:00:00;1.6526513
239;0.44999998807907104;42.25;50.0;0 days 01:00:00;2.3189282
240;0.44999998807907104;42.150001525878906;50.0;0 days 00:00:00;1.8388855
241;0.44999998807907104;42.150001525878906;50.0;0 days 01:00:00;2.551089
242;0.44999998807907104;42.04999923706055;50.0;0 days 00:00:00;1.4116299
243;0.44999998807907104;42.04999923706055;50.0;0 days 01:00:00;2.1013813
244;0.44999998807907104;41.95000076293945;50.0;0 days 00:00:00;1.605601
245;0.44999998807907104;41.95000076293945;50.0;0 days 01:00:00;2.1999843
246;0.44999998807907104;41.849998474121094;50.0;0 days 00:00:00;1.6956898
247;0.44999998807907104;41.849998474121094;50.0;0 days 01:00:00;2.259209
248;0.44999998807907104;41.75;50.0;0 days 00:00:00;1.9899291
249;0.44999998807907104;41.75;50.0;0 days 01:00:00;2.0733159
250;0.44999998807907104;41.650001525878906;50.0;0 days 00:00:00;1.5279502
251;0.44999998807907104;41.650001525878906;50.0;0 days 01:00:00;1.6186457
252;0.44999998807907104;41.54999923706055;50.0;0 days 00:00:00;0.9378054
253;0.44999998807907104;41.54999923706055;50.0;0 days 01:00:00;1.051971
254;0.44999998807907104;41.45000076293945;50.0;0 days 00:00:00;0.7166463
255;0.44999998807907104;41.45000076293945;50.0;0 days 01:00:00;0.7809957
256;0.44999998807907104;41.349998474121094;50.0;0 days 00:00:00;0.4513989
257;0.44999998807907104;41.349998474121094;50.0;0 days 01:00:00;0.61368066
258;0.44999998807907104;41.25;50.0;0 days 00:00:00;0.36572433
259;0.44999998807907104;41.25;50.0;0 days 01:00:00;0.5259375
260;0.44999998807907104;41.150001525878906;50.0;0 days 00:00:00;0.38573322
261;0.44999998807907104;41.150001525878906;50.0;0 days 01:00:00;0.48658854
262;0.44999998807907104;41.04999923706055;50.0;0 days 00:00:00;0.35142466
263;0.44999998807907104;41.04999923706055;50.0;0 days 01:00:00;0.47457948
264;0.44999998807907104;40.95000076293945;50.0;0 days 00:00:00;0.33830094
265;0.44999998807907104;40.95000076293945;50.0;0 days 01:00:00;0.43678394
266;0.550000011920929;42.75;50.0;0 days 00:00:00;0.32091218
267;0.550000011920929;42.75;50.0;0 days 01:00:00;0.2977556
268;0.550000011920929;42.650001525878906;50.0;0 days 00:00:00;0.29520386
269;0.550000011920929;42.650001525878906;50.0;0 days 01:00:00;0.35408565
270;0.550000011920929;42.54999923706055;50.0;0 days 00:00:00;0.42182967
271;0.550000011920929;42.54999923706055;50.0;0 days 01:00:00;0.5385683
272;0.550000011920929;42.45000076293945;50.0;0 days 00:00:00;0.6804966
273;0.550000011920929;42.45000076293945;50.0;0 days 01:00:00;0.8835901
274;0.550000011920929;42.349998474121094;50.0;0 days 00:00:00;1.2163773
275;0.550000011920929;42.349998474121094;50.0;0 days 01:00:00;1.767348
276;0.550000011920929;42.25;50.0;0 days 00:00:00;1.6349926
277;0.550000011920929;42.25;50.0;0 days 01:00:00;2.5995908
278;0.550000011920929;42.150001525878906;50.0;0 days 00:00:00;1.826745
279;0.550000011920929;42.150001525878906;50.0;0 days 01:00:00;2.6332242
280;0.550000011920929;42.04999923706055;50.0;0 days 00:00:00;1.2439134
281;0.550000011920929;42.04999923706055;50.0;0 days 01:00:00;1.8654696
282;0.550000011920929;41.95000076293945;50.0;0 days 00:00:00;1.5017934
283;0.550000011920929;41.95000076293945;50.0;0 days 01:00:00;1.9724249
284;0.550000011920929;41.849998474121094;50.0;0 days 00:00:00;1.9943309
285;0.550000011920929;41.849998474121094;50.0;0 days 01:00:00;2.578462
286;0.550000011920929;41.75;50.0;0 days 00:00:00;2.7839596
287;0.550000011920929;41.75;50.0;0 days 01:00:00;2.914379
288;0.550000011920929;41.650001525878906;50.0;0 days 00:00:00;2.1954536
289;0.550000011920929;41.650001525878906;50.0;0 days 01:00:00;2.371025
290;0.550000011920929;41.54999923706055;50.0;0 days 00:00:00;1.6678454
291;0.550000011920929;41.54999923706055;50.0;0 days 01:00:00;1.6574075
292;0.550000011920929;41.45000076293945;50.0;0 days 00:00:00;1.0920118
293;0.550000011920929;41.45000076293945;50.0;0 days 01:00:00;1.0276482
294;0.550000011920929;41.349998474121094;50.0;0 days 00:00:00;0.68413985
295;0.550000011920929;41.349998474121094;50.0;0 days 01:00:00;0.7517613
296;0.550000011920929;41.25;50.0;0 days 00:00:00;0.4373799
297;0.550000011920929;41.25;50.0;0 days 01:00:00;0.6007266
298;0.550000011920929;41.150001525878906;50.0;0 days 00:00:00;0.4318714
299;0.550000011920929;41.150001525878906;50.0;0 days 01:00:00;0.53311664
300;0.550000011920929;41.04999923706055;50.0;0 days 00:00:00;0.3941736
301;0.550000011920929;41.04999923706055;50.0;0 days 01:00:00;0.4999432
302;0.550000011920929;40.95000076293945;50.0;0 days 00:00:00;0.35858873
303;0.550000011920929;40.95000076293945;50.0;0 days 01:00:00;0.47388583
304;0.6499999761581421;42.75;50.0;0 days 00:00:00;0.5543548
305;0.6499999761581421;42.75;50.0;0 days 01:00:00;0.5671783
306;0.6499999761581421;42.650001525878906;50.0;0 days 00:00:00;0.44290528
307;0.6499999761581421;42.650001525878906;50.0;0 days 01:00:00;0.54240346
308;0.6499999761581421;42.54999923706055;50.0;0 days 00:00:00;0.57879746
309;0.6499999761581421;42.54999923706055;50.0;0 days 01:00:00;0.734814
310;0.6499999761581421;42.45000076293945;50.0;0 days 00:00:00;0.8618741
311;0.6499999761581421;42.45000076293945;50.0;0 days 01:00:00;1.205616
312;0.6499999761581421;42.349998474121094;50.0;0 days 00:00:00;1.409365
313;0.6499999761581421;42.349998474121094;50.0;0 days 01:00:00;2.103226
314;0.6499999761581421;42.25;50.0;0 days 00:00:00;1.8604513
315;0.6499999761581421;42.25;50.0;0 days 01:00:00;3.009224
316;0.6499999761581421;42.150001525878906;50.0;0 days 00:00:00;1.7953088
317;0.6499999761581421;42.150001525878906;50.0;0 days 01:00:00;2.472567
318;0.6499999761581421;42.04999923706055;50.0;0 days 00:00:00;1.228786
319;0.6499999761581421;42.04999923706055;50.0;0 days 01:00:00;1.8380817
320;0.6499999761581421;41.95000076293945;50.0;0 days 00:00:00;1.5281439
321;0.6499999761581421;41.95000076293945;50.0;0 days 01:00:00;1.8326149
322;0.6499999761581421;41.849998474121094;50.0;0 days 00:00:00;2.199502
323;0.6499999761581421;41.849998474121094;50.0;0 days 01:00:00;3.0104496
324;0.6499999761581421;41.75;50.0;0 days 00:00:00;3.594365
325;0.6499999761581421;41.75;50.0;0 days 01:00:00;3.801789
326;0.6499999761581421;41.650001525878906;50.0;0 days 00:00:00;2.9050903
327;0.6499999761581421;41.650001525878906;50.0;0 days 01:00:00;3.1490774
328;0.6499999761581421;41.54999923706055;50.0;0 days 00:00:00;2.1555166
329;0.6499999761581421;41.54999923706055;50.0;0 days 01:00:00;1.8884325
330;0.6499999761581421;41.45000076293945;50.0;0 days 00:00:00;1.2110525
331;0.6499999761581421;41.45000076293945;50.0;0 days 01:00:00;1.1747571
332;0.6499999761581421;41.349998474121094;50.0;0 days 00:00:00;0.8734524
333;0.6499999761581421;41.349998474121094;50.0;0 days 01:00:00;0.8690222
334;0.6499999761581421;41.25;50.0;0 days 00:00:00;0.7015881
335;0.6499999761581421;41.25;50.0;0 days 01:00:00;0.7200054
336;0.6499999761581421;41.150001525878906;50.0;0 days 00:00:00;0.66781867
337;0.6499999761581421;41.150001525878906;50.0;0 days 01:00:00;0.58777696
338;0.6499999761581421;41.04999923706055;50.0;0 days 00:00:00;0.5529284
339;0.6499999761581421;41.04999923706055;50.0;0 days 01:00:00;0.5220926
340;0.6499999761581421;40.95000076293945;50.0;0 days 00:00:00;0.41349056
341;0.6499999761581421;40.95000076293945;50.0;0 days 01:00:00;0.49579984
342;0.75;42.75;50.0;0 days 00:00:00;1.4023759
343;0.75;42.75;50.0;0 days 01:00:00;0.83374107
344;0.75;42.650001525878906;50.0;0 days 00:00:00;0.62125325
345;0.75;42.650001525878906;50.0;0 days 01:00:00;0.59416205
346;0.75;42.54999923706055;50.0;0 days 00:00:00;0.5594627
347;0.75;42.54999923706055;50.0;0 days 01:00:00;0.5972485
348;0.75;42.45000076293945;50.0;0 days 00:00:00;0.7047021
349;0.75;42.45000076293945;50.0;0 days 01:00:00;1.0183579
350;0.75;42.349998474121094;50.0;0 days 00:00:00;1.3720909
351;0.75;42.349998474121094;50.0;0 days 01:00:00;2.0153763
352;0.75;42.25;50.0;0 days 00:00:00;2.1998563
353;0.75;42.25;50.0;0 days 01:00:00;3.3524632
354;0.75;42.150001525878906;50.0;0 days 00:00:00;1.9216957
355;0.75;42.150001525878906;50.0;0 days 01:00:00;3.2001069
356;0.75;42.04999923706055;50.0;0 days 00:00:00;1.4975195
357;0.75;42.04999923706055;50.0;0 days 01:00:00;2.2126043
358;0.75;41.95000076293945;50.0;0 days 00:00:00;1.8432215
359;0.75;41.95000076293945;50.0;0 days 01:00:00;2.9216905
360;0.75;41.849998474121094;50.0;0 days 00:00:00;3.0614595
361;0.75;41.849998474121094;50.0;0 days 01:00:00;3.9404898
362;0.75;41.75;50.0;0 days 00:00:00;4.610982
363;0.75;41.75;50.0;0 days 01:00:00;5.131149
364;0.75;41.650001525878906;50.0;0 days 00:00:00;3.6835406
365;0.75;41.650001525878906;50.0;0 days 01:00:00;3.9947069
366;0.75;41.54999923706055;50.0;0 days 00:00:00;2.1613688
367;0.75;41.54999923706055;50.0;0 days 01:00:00;1.96769
368;0.75;41.45000076293945;50.0;0 days 00:00:00;1.1031016
369;0.75;41.45000076293945;50.0;0 days 01:00:00;1.0049117
370;0.75;41.349998474121094;50.0;0 days 00:00:00;0.85931706
371;0.75;41.349998474121094;50.0;0 days 01:00:00;0.87354124
372;0.75;41.25;50.0;0 days 00:00:00;0.74580073
373;0.75;41.25;50.0;0 days 01:00:00;0.8103562
374;0.75;41.150001525878906;50.0;0 days 00:00:00;0.72324723
375;0.75;41.150001525878906;50.0;0 days 01:00:00;0.61163163
376;0.75;41.04999923706055;50.0;0 days 00:00:00;0.57596064
377;0.75;41.04999923706055;50.0;0 days 01:00:00;0.53680706
378;0.75;40.95000076293945;50.0;0 days 00:00:00;0.4072618
379;0.75;40.95000076293945;50.0;0 days 01:00:00;0.50373214
380;0.8500000238418579;42.75;50.0;0 days 00:00:00;1.1353993
381;0.8500000238418579;42.75;50.0;0 days 01:00:00;0.6502932
382;0.8500000238418579;42.650001525878906;50.0;0 days 00:00:00;0.51093173
383;0.8500000238418579;42.650001525878906;50.0;0 days 01:00:00;0.3924727
384;0.8500000238418579;42.54999923706055;50.0;0 days 00:00:00;0.49504313
385;0.8500000238418579;42.54999923706055;50.0;0 days 01:00:00;0.41269922
386;0.8500000238418579;42.45000076293945;50.0;0 days 00:00:00;0.61927617
387;0.8500000238418579;42.45000076293945;50.0;0 days 01:00:00;0.70534337
388;0.8500000238418579;42.349998474121094;50.0;0 days 00:00:00;1.3122348
389;0.8500000238418579;42.349998474121094;50.0;0 days 01:00:00;1.7937065
390;0.8500000238418579;42.25;50.0;0 days 00:00:00;2.524632
391;0.8500000238418579;42.25;50.0;0 days 01:00:00;3.717906
392;0.8500000238418579;42.150001525878906;50.0;0 days 00:00:00;2.6775045
393;0.8500000238418579;42.150001525878906;50.0;0 days 01:00:00;3.871744
394;0.8500000238418579;42.04999923706055;50.0;0 days 00:00:00;2.0475638
395;0.8500000238418579;42.04999923706055;50.0;0 days 01:00:00;3.309184
396;0.8500000238418579;41.95000076293945;50.0;0 days 00:00:00;1.7681377
397;0.8500000238418579;41.95000076293945;50.0;0 days 01:00:00;3.3259423
398;0.8500000238418579;41.849998474121094;50.0;0 days 00:00:00;3.9871182
399;0.8500000238418579;41.849998474121094;50.0;0 days 01:00:00;5.472743
400;0.8500000238418579;41.75;50.0;0 days 00:00:00;5.918102
401;0.8500000238418579;41.75;50.0;0 days 01:00:00;6.746859
402;0.8500000238418579;41.650001525878906;50.0;0 days 00:00:00;3.5105429
403;0.8500000238418579;41.650001525878906;50.0;0 days 01:00:00;4.112306
404;0.8500000238418579;41.54999923706055;50.0;0 days 00:00:00;2.0222447
405;0.8500000238418579;41.54999923706055;50.0;0 days 01:00:00;1.7565327
406;0.8500000238418579;41.45000076293945;50.0;0 days 00:00:00;0.96952045
407;0.8500000238418579;41.45000076293945;50.0;0 days 01:00:00;0.8001324
408;0.8500000238418579;41.349998474121094;50.0;0 days 00:00:00;0.59865004
409;0.8500000238418579;41.349998474121094;50.0;0 days 01:00:00;0.6810703
410;0.8500000238418579;41.25;50.0;0 days 00:00:00;0.57317615
411;0.8500000238418579;41.25;50.0;0 days 01:00:00;0.69567287
412;0.8500000238418579;41.150001525878906;50.0;0 days 00:00:00;0.69797415
413;0.8500000238418579;41.150001525878906;50.0;0 days 01:00:00;0.6136132
414;0.8500000238418579;41.04999923706055;50.0;0 days 00:00:00;0.56781334
415;0.8500000238418579;41.04999923706055;50.0;0 days 01:00:00;0.55129856
416;0.8500000238418579;40.95000076293945;50.0;0 days 00:00:00;0.44390535
417;0.8500000238418579;40.95000076293945;50.0;0 days 01:00:00;0.515616
418;0.949999988079071;42.75;50.0;0 days 00:00:00;0.8277237
419;0.949999988079071;42.75;50.0;0 days 01:00:00;0.563559
420;0.949999988079071;42.650001525878906;50.0;0 days 00:00:00;0.48864645
421;0.949999988079071;42.650001525878906;50.0;0 days 01:00:00;0.32872817
422;0.949999988079071;42.54999923706055;50.0;0 days 00:00:00;0.37263525
423;0.949999988079071;42.54999923706055;50.0;0 days 01:00:00;0.3133529
424;0.949999988079071;42.45000076293945;50.0;0 days 00:00:00;0.5775611
425;0.949999988079071;42.45000076293945;50.0;0 days 01:00:00;0.7122116
426;0.949999988079071;42.349998474121094;50.0;0 days 00:00:00;1.382177
427;0.949999988079071;42.349998474121094;50.0;0 days 01:00:00;1.9811335
428;0.949999988079071;42.25;50.0;0 days 00:00:00;2.4759216
429;0.949999988079071;42.25;50.0;0 days 01:00:00;4.072092
430;0.949999988079071;42.150001525878906;50.0;0 days 00:00:00;2.8319197
431;0.949999988079071;42.150001525878906;50.0;0 days 01:00:00;4.483015
432;0.949999988079071;42.04999923706055;50.0;0 days 00:00:00;2.6179538
433;0.949999988079071;42.04999923706055;50.0;0 days 01:00:00;4.349605
434;0.949999988079071;41.95000076293945;50.0;0 days 00:00:00;2.4344206
435;0.949999988079071;41.95000076293945;50.0;0 days 01:00:00;4.552671
436;0.949999988079071;41.849998474121094;50.0;0 days 00:00:00;5.5778813
437;0.949999988079071;41.849998474121094;50.0;0 days 01:00:00;7.5401998
438;0.949999988079071;41.75;50.0;0 days 00:00:00;6.735867
439;0.949999988079071;41.75;50.0;0 days 01:00:00;6.960679
440;0.949999988079071;41.650001525878906;50.0;0 days 00:00:00;3.597237
441;0.949999988079071;41.650001525878906;50.0;0 days 01:00:00;3.597405
442;0.949999988079071;41.54999923706055;50.0;0 days 00:00:00;1.9270612
443;0.949999988079071;41.54999923706055;50.0;0 days 01:00:00;1.4410819
444;0.949999988079071;41.45000076293945;50.0;0 days 00:00:00;0.87276673
445;0.949999988079071;41.45000076293945;50.0;0 days 01:00:00;0.68435127
446;0.949999988079071;41.349998474121094;50.0;0 days 00:00:00;0.46894577
447;0.949999988079071;41.349998474121094;50.0;0 days 01:00:00;0.5328875
448;0.949999988079071;41.25;50.0;0 days 00:00:00;0.41660187
449;0.949999988079071;41.25;50.0;0 days 01:00:00;0.5099645
450;0.949999988079071;41.150001525878906;50.0;0 days 00:00:00;0.53823787
451;0.949999988079071;41.150001525878906;50.0;0 days 01:00:00;0.5455956
452;0.949999988079071;41.04999923706055;50.0;0 days 00:00:00;0.56368774
453;0.949999988079071;41.04999923706055;50.0;0 days 01:00:00;0.5661294
454;0.949999988079071;40.95000076293945;50.0;0 days 00:00:00;0.45011106
455;0.949999988079071;40.95000076293945;50.0;0 days 01:00:00;0.4759837
456;1.0499999523162842;42.75;50.0;0 days 00:00:00;0.793623
457;1.0499999523162842;42.75;50.0;0 days 01:00:00;0.6644809
458;1.0499999523162842;42.650001525878906;50.0;0 days 00:00:00;0.5188632
459;1.0499999523162842;42.650001525878906;50.0;0 days 01:00:00;0.5365539
460;1.0499999523162842;42.54999923706055;50.0;0 days 00:00:00;0.63444895
461;1.0499999523162842;42.54999923706055;50.0;0 days 01:00:00;0.95549256
462;1.0499999523162842;42.45000076293945;50.0;0 days 00:00:00;0.8140262
463;1.0499999523162842;42.45000076293945;50.0;0 days 01:00:00;1.375418
464;1.0499999523162842;42.349998474121094;50.0;0 days 00:00:00;1.7531123
465;1.0499999523162842;42.349998474121094;50.0;0 days 01:00:00;2.799755
466;1.0499999523162842;42.25;50.0;0 days 00:00:00;2.8499594
467;1.0499999523162842;42.25;50.0;0 days 01:00:00;4.6050816
468;1.0499999523162842;42.150001525878906;50.0;0 days 00:00:00;2.7832065
469;1.0499999523162842;42.150001525878906;50.0;0 days 01:00:00;4.356318
470;1.0499999523162842;42.04999923706055;50.0;0 days 00:00:00;2.899779
471;1.0499999523162842;42.04999923706055;50.0;0 days 01:00:00;3.9794123
472;1.0499999523162842;41.95000076293945;50.0;0 days 00:00:00;3.0696423
473;1.0499999523162842;41.95000076293945;50.0;0 days 01:00:00;5.1774335
474;1.0499999523162842;41.849998474121094;50.0;0 days 00:00:00;5.9659796
475;1.0499999523162842;41.849998474121094;50.0;0 days 01:00:00;7.347811
476;1.0499999523162842;41.75;50.0;0 days 00:00:00;5.719973
477;1.0499999523162842;41.75;50.0;0 days 01:00:00;5.736
478;1.0499999523162842;41.650001525878906;50.0;0 days 00:00:00;3.245228
479;1.0499999523162842;41.650001525878906;50.0;0 days 01:00:00;3.0485516
480;1.0499999523162842;41.54999923706055;50.0;0 days 00:00:00;1.7466748
481;1.0499999523162842;41.54999923706055;50.0;0 days 01:00:00;1.203853
482;1.0499999523162842;41.45000076293945;50.0;0 days 00:00:00;0.8618395
483;1.0499999523162842;41.45000076293945;50.0;0 days 01:00:00;0.7075487
484;1.0499999523162842;41.349998474121094;50.0;0 days 00:00:00;0.50355184
485;1.0499999523162842;41.349998474121094;50.0;0 days 01:00:00;0.5428413
486;1.0499999523162842;41.25;50.0;0 days 00:00:00;0.3849392
487;1.0499999523162842;41.25;50.0;0 days 01:00:00;0.48535752
488;1.0499999523162842;41.150001525878906;50.0;0 days 00:00:00;0.49495164
489;1.0499999523162842;41.150001525878906;50.0;0 days 01:00:00;0.5545813
490;1.0499999523162842;41.04999923706055;50.0;0 days 00:00:00;0.6156711
491;1.0499999523162842;41.04999923706055;50.0;0 days 01:00:00;0.59966344
492;1.0499999523162842;40.95000076293945;50.0;0 days 00:00:00;0.45616934
493;1.0499999523162842;40.95000076293945;50.0;0 days 01:00:00;0.45361847
494;1.149999976158142;42.75;50.0;0 days 00:00:00;1.0720366
495;1.149999976158142;42.75;50.0;0 days 01:00:00;0.7889964
496;1.149999976158142;42.650001525878906;50.0;0 days 00:00:00;0.8866552
497;1.149999976158142;42.650001525878906;50.0;0 days 01:00:00;1.1073613
498;1.149999976158142;42.54999923706055;50.0;0 days 00:00:00;1.1461036
499;1.149999976158142;42.54999923706055;50.0;0 days 01:00:00;2.0447662
500;1.149999976158142;42.45000076293945;50.0;0 days 00:00:00;1.5785248
501;1.149999976158142;42.45000076293945;50.0;0 days 01:00:00;2.6916628
502;1.149999976158142;42.349998474121094;50.0;0 days 00:00:00;2.6548488
503;1.149999976158142;42.349998474121094;50.0;0 days 01:00:00;3.8518238
504;1.149999976158142;42.25;50.0;0 days 00:00:00;3.3902934
505;1.149999976158142;42.25;50.0;0 days 01:00:00;5.6396356
506;1.149999976158142;42.150001525878906;50.0;0 days 00:00:00;2.7414427
507;1.149999976158142;42.150001525878906;50.0;0 days 01:00:00;4.2740254
508;1.149999976158142;42.04999923706055;50.0;0 days 00:00:00;2.9454563
509;1.149999976158142;42.04999923706055;50.0;0 days 01:00:00;4.1577187
510;1.149999976158142;41.95000076293945;50.0;0 days 00:00:00;4.502033
511;1.149999976158142;41.95000076293945;50.0;0 days 01:00:00;5.491418
512;1.149999976158142;41.849998474121094;50.0;0 days 00:00:00;5.5824394
513;1.149999976158142;41.849998474121094;50.0;0 days 01:00:00;6.348733
514;1.149999976158142;41.75;50.0;0 days 00:00:00;4.592651
515;1.149999976158142;41.75;50.0;0 days 01:00:00;4.4129224
516;1.149999976158142;41.650001525878906;50.0;0 days 00:00:00;3.0883234
517;1.149999976158142;41.650001525878906;50.0;0 days 01:00:00;2.2184334
518;1.149999976158142;41.54999923706055;50.0;0 days 00:00:00;1.6152421
519;1.149999976158142;41.54999923706055;50.0;0 days 01:00:00;1.0955379
520;1.149999976158142;41.45000076293945;50.0;0 days 00:00:00;0.94067067
521;1.149999976158142;41.45000076293945;50.0;0 days 01:00:00;0.772892
522;1.149999976158142;41.349998474121094;50.0;0 days 00:00:00;0.6497896
523;1.149999976158142;41.349998474121094;50.0;0 days 01:00:00;0.58962345
524;1.149999976158142;41.25;50.0;0 days 00:00:00;0.51353323
525;1.149999976158142;41.25;50.0;0 days 01:00:00;0.5797629
526;1.149999976158142;41.150001525878906;50.0;0 days 00:00:00;0.6241043
527;1.149999976158142;41.150001525878906;50.0;0 days 01:00:00;0.6651204
528;1.149999976158142;41.04999923706055;50.0;0 days 00:00:00;0.63287956
529;1.149999976158142;41.04999923706055;50.0;0 days 01:00:00;0.6159944
530;1.149999976158142;40.95000076293945;50.0;0 days 00:00:00;0.44398442
531;1.149999976158142;40.95000076293945;50.0;0 days 01:00:00;0.43861803
532;1.25;42.75;50.0;0 days 00:00:00;1.017857
533;1.25;42.75;50.0;0 days 01:00:00;0.7450147
534;1.25;42.650001525878906;50.0;0 days 00:00:00;0.90552187
535;1.25;42.650001525878906;50.0;0 days 01:00:00;1.0028858
536;1.25;42.54999923706055;50.0;0 days 00:00:00;1.3149161
537;1.25;42.54999923706055;50.0;0 days 01:00:00;2.0029657
538;1.25;42.45000076293945;50.0;0 days 00:00:00;2.312853
539;1.25;42.45000076293945;50.0;0 days 01:00:00;3.173053
540;1.25;42.349998474121094;50.0;0 days 00:00:00;3.6841881
541;1.25;42.349998474121094;50.0;0 days 01:00:00;4.7560825
542;1.25;42.25;50.0;0 days 00:00:00;3.4714072
543;1.25;42.25;50.0;0 days 01:00:00;5.8749137
544;1.25;42.150001525878906;50.0;0 days 00:00:00;3.053927
545;1.25;42.150001525878906;50.0;0 days 01:00:00;5.0892286
546;1.25;42.04999923706055;50.0;0 days 00:00:00;3.0577655
547;1.25;42.04999923706055;50.0;0 days 01:00:00;4.2848763
548;1.25;41.95000076293945;50.0;0 days 00:00:00;4.446901
549;1.25;41.95000076293945;50.0;0 days 01:00:00;5.0211806
550;1.25;41.849998474121094;50.0;0 days 00:00:00;4.8339963
551;1.25;41.849998474121094;50.0;0 days 01:00:00;5.2189684
552;1.25;41.75;50.0;0 days 00:00:00;4.2514186
553;1.25;41.75;50.0;0 days 01:00:00;3.3853621
554;1.25;41.650001525878906;50.0;0 days 00:00:00;2.9013724
555;1.25;41.650001525878906;50.0;0 days 01:00:00;1.8803324
556;1.25;41.54999923706055;50.0;0 days 00:00:00;1.6044126
557;1.25;41.54999923706055;50.0;0 days 01:00:00;0.99132967
558;1.25;41.45000076293945;50.0;0 days 00:00:00;1.0008572
559;1.25;41.45000076293945;50.0;0 days 01:00:00;0.79813844
560;1.25;41.349998474121094;50.0;0 days 00:00:00;0.8289467
561;1.25;41.349998474121094;50.0;0 days 01:00:00;0.6997007
562;1.25;41.25;50.0;0 days 00:00:00;0.7055707
563;1.25;41.25;50.0;0 days 01:00:00;0.68871397
564;1.25;41.150001525878906;50.0;0 days 00:00:00;0.8052945
565;1.25;41.150001525878906;50.0;0 days 01:00:00;0.8284555
566;1.25;41.04999923706055;50.0;0 days 00:00:00;0.6717027
567;1.25;41.04999923706055;50.0;0 days 01:00:00;0.687578
568;1.25;40.95000076293945;50.0;0 days 00:00:00;0.43385383
569;1.25;40.95000076293945;50.0;0 days 01:00:00;0.42938364
570;1.350000023841858;42.75;50.0;0 days 00:00:00;0.5499823
571;1.350000023841858;42.75;50.0;0 days 01:00:00;0.36717474
572;1.350000023841858;42.650001525878906;50.0;0 days 00:00:00;0.44973448
573;1.350000023841858;42.650001525878906;50.0;0 days 01:00:00;0.420469
574;1.350000023841858;42.54999923706055;50.0;0 days 00:00:00;0.61638874
575;1.350000023841858;42.54999923706055;50.0;0 days 01:00:00;1.0399157
576;1.350000023841858;42.45000076293945;50.0;0 days 00:00:00;1.2093881
577;1.350000023841858;42.45000076293945;50.0;0 days 01:00:00;1.831733
578;1.350000023841858;42.349998474121094;50.0;0 days 00:00:00;2.9220803
579;1.350000023841858;42.349998474121094;50.0;0 days 01:00:00;3.2866704
580;1.350000023841858;42.25;50.0;0 days 00:00:00;3.1975293
581;1.350000023841858;42.25;50.0;0 days 01:00:00;4.7112155
582;1.350000023841858;42.150001525878906;50.0;0 days 00:00:00;3.0856526
583;1.350000023841858;42.150001525878906;50.0;0 days 01:00:00;4.700309
584;1.350000023841858;42.04999923706055;50.0;0 days 00:00:00;2.9963117
585;1.350000023841858;42.04999923706055;50.0;0 days 01:00:00;3.72707
586;1.350000023841858;41.95000076293945;50.0;0 days 00:00:00;3.866627
587;1.350000023841858;41.95000076293945;50.0;0 days 01:00:00;4.3167524
588;1.350000023841858;41.849998474121094;50.0;0 days 00:00:00;4.059153
589;1.350000023841858;41.849998474121094;50.0;0 days 01:00:00;4.5144005
590;1.350000023841858;41.75;50.0;0 days 00:00:00;3.4909747
591;1.350000023841858;41.75;50.0;0 days 01:00:00;2.8438373
592;1.350000023841858;41.650001525878906;50.0;0 days 00:00:00;2.6295269
593;1.350000023841858;41.650001525878906;50.0;0 days 01:00:00;1.727563
594;1.350000023841858;41.54999923706055;50.0;0 days 00:00:00;1.4698234
595;1.350000023841858;41.54999923706055;50.0;0 days 01:00:00;1.0304424
596;1.350000023841858;41.45000076293945;50.0;0 days 00:00:00;0.9966392
597;1.350000023841858;41.45000076293945;50.0;0 days 01:00:00;0.8070957
598;1.350000023841858;41.349998474121094;50.0;0 days 00:00:00;0.9485905
599;1.350000023841858;41.349998474121094;50.0;0 days 01:00:00;0.75880545
600;1.350000023841858;41.25;50.0;0 days 00:00:00;0.7917098
601;1.350000023841858;41.25;50.0;0 days 01:00:00;0.7584564
602;1.350000023841858;41.150001525878906;50.0;0 days 00:00:00;0.8742864
603;1.350000023841858;41.150001525878906;50.0;0 days 01:00:00;0.8857137
604;1.350000023841858;41.04999923706055;50.0;0 days 00:00:00;0.7685008
605;1.350000023841858;41.04999923706055;50.0;0 days 01:00:00;0.69746697
606;1.350000023841858;40.95000076293945;50.0;0 days 00:00:00;0.47577408
607;1.350000023841858;40.95000076293945;50.0;0 days 01:00:00;0.45613292
608;1.4500000476837158;42.75;50.0;0 days 00:00:00;0.48059422
609;1.4500000476837158;42.75;50.0;0 days 01:00:00;0.38830096
610;1.4500000476837158;42.650001525878906;50.0;0 days 00:00:00;0.3283489
611;1.4500000476837158;42.650001525878906;50.0;0 days 01:00:00;0.2737508
612;1.4500000476837158;42.54999923706055;50.0;0 days 00:00:00;0.52481306
613;1.4500000476837158;42.54999923706055;50.0;0 days 01:00:00;0.53458124
614;1.4500000476837158;42.45000076293945;50.0;0 days 00:00:00;0.77099746
615;1.4500000476837158;42.45000076293945;50.0;0 days 01:00:00;1.3076855
616;1.4500000476837158;42.349998474121094;50.0;0 days 00:00:00;2.2353532
617;1.4500000476837158;42.349998474121094;50.0;0 days 01:00:00;2.5216033
618;1.4500000476837158;42.25;50.0;0 days 00:00:00;3.444651
619;1.4500000476837158;42.25;50.0;0 days 01:00:00;4.2132077
620;1.4500000476837158;42.150001525878906;50.0;0 days 00:00:00;3.0337262
621;1.4500000476837158;42.150001525878906;50.0;0 days 01:00:00;4.100165
622;1.4500000476837158;42.04999923706055;50.0;0 days 00:00:00;2.863998
623;1.4500000476837158;42.04999923706055;50.0;0 days 01:00:00;3.4983306
624;1.4500000476837158;41.95000076293945;50.0;0 days 00:00:00;3.3293438
625;1.4500000476837158;41.95000076293945;50.0;0 days 01:00:00;3.5115964
626;1.4500000476837158;41.849998474121094;50.0;0 days 00:00:00;3.1211655
627;1.4500000476837158;41.849998474121094;50.0;0 days 01:00:00;3.1860888
628;1.4500000476837158;41.75;50.0;0 days 00:00:00;2.7391503
629;1.4500000476837158;41.75;50.0;0 days 01:00:00;2.6271677
630;1.4500000476837158;41.650001525878906;50.0;0 days 00:00:00;2.1030822
631;1.4500000476837158;41.650001525878906;50.0;0 days 01:00:00;1.7793545
632;1.4500000476837158;41.54999923706055;50.0;0 days 00:00:00;1.2357191
633;1.4500000476837158;41.54999923706055;50.0;0 days 01:00:00;1.0004282
634;1.4500000476837158;41.45000076293945;50.0;0 days 00:00:00;0.961764
635;1.4500000476837158;41.45000076293945;50.0;0 days 01:00:00;0.8073524
636;1.4500000476837158;41.349998474121094;50.0;0 days 00:00:00;0.9614345
637;1.4500000476837158;41.349998474121094;50.0;0 days 01:00:00;0.7988898
638;1.4500000476837158;41.25;50.0;0 days 00:00:00;0.87056583
639;1.4500000476837158;41.25;50.0;0 days 01:00:00;0.8112666
640;1.4500000476837158;41.150001525878906;50.0;0 days 00:00:00;0.8354579
641;1.4500000476837158;41.150001525878906;50.0;0 days 01:00:00;0.7880434
642;1.4500000476837158;41.04999923706055;50.0;0 days 00:00:00;0.7318812
643;1.4500000476837158;41.04999923706055;50.0;0 days 01:00:00;0.60214233
644;1.4500000476837158;40.95000076293945;50.0;0 days 00:00:00;0.50463986
645;1.4500000476837158;40.95000076293945;50.0;0 days 01:00:00;0.48479354
646;1.5499999523162842;42.75;50.0;0 days 00:00:00;0.3310099
647;1.5499999523162842;42.75;50.0;0 days 01:00:00;0.4061409
648;1.5499999523162842;42.650001525878906;50.0;0 days 00:00:00;0.24851587
649;1.5499999523162842;42.650001525878906;50.0;0 days 01:00:00;0.26989877
650;1.5499999523162842;42.54999923706055;50.0;0 days 00:00:00;0.41275516
651;1.5499999523162842;42.54999923706055;50.0;0 days 01:00:00;0.4966445
652;1.5499999523162842;42.45000076293945;50.0;0 days 00:00:00;0.8080363
653;1.5499999523162842;42.45000076293945;50.0;0 days 01:00:00;1.2234178
654;1.5499999523162842;42.349998474121094;50.0;0 days 00:00:00;1.9773924
655;1.5499999523162842;42.349998474121094;50.0;0 days 01:00:00;2.69623
656;1.5499999523162842;42.25;50.0;0 days 00:00:00;2.1093268
657;1.5499999523162842;42.25;50.0;0 days 01:00:00;2.4060159
658;1.5499999523162842;42.150001525878906;50.0;0 days 00:00:00;2.234282
659;1.5499999523162842;42.150001525878906;50.0;0 days 01:00:00;3.0808032
660;1.5499999523162842;42.04999923706055;50.0;0 days 00:00:00;2.8102782
661;1.5499999523162842;42.04999923706055;50.0;0 days 01:00:00;3.8512623
662;1.5499999523162842;41.95000076293945;50.0;0 days 00:00:00;2.817181
663;1.5499999523162842;41.95000076293945;50.0;0 days 01:00:00;2.9491715
664;1.5499999523162842;41.849998474121094;50.0;0 days 00:00:00;2.454339
665;1.5499999523162842;41.849998474121094;50.0;0 days 01:00:00;2.6913033
666;1.5499999523162842;41.75;50.0;0 days 00:00:00;2.2900028
667;1.5499999523162842;41.75;50.0;0 days 01:00:00;2.5929427
668;1.5499999523162842;41.650001525878906;50.0;0 days 00:00:00;1.9499753
669;1.5499999523162842;41.650001525878906;50.0;0 days 01:00:00;1.8348789
670;1.5499999523162842;41.54999923706055;50.0;0 days 00:00:00;1.2682042
671;1.5499999523162842;41.54999923706055;50.0;0 days 01:00:00;1.2414328
672;1.5499999523162842;41.45000076293945;50.0;0 days 00:00:00;1.0157022
673;1.5499999523162842;41.45000076293945;50.0;0 days 01:00:00;0.9713279
674;1.5499999523162842;41.349998474121094;50.0;0 days 00:00:00;0.95791286
675;1.5499999523162842;41.349998474121094;50.0;0 days 01:00:00;0.93730354
676;1.5499999523162842;41.25;50.0;0 days 00:00:00;0.93445605
677;1.5499999523162842;41.25;50.0;0 days 01:00:00;0.8760388
678;1.5499999523162842;41.150001525878906;50.0;0 days 00:00:00;0.8107479
679;1.5499999523162842;41.150001525878906;50.0;0 days 01:00:00;0.70852304
680;1.5499999523162842;41.04999923706055;50.0;0 days 00:00:00;0.6341922
681;1.5499999523162842;41.04999923706055;50.0;0 days 01:00:00;0.6022454
682;1.5499999523162842;40.95000076293945;50.0;0 days 00:00:00;0.5211174
683;1.5499999523162842;40.95000076293945;50.0;0 days 01:00:00;0.50899285
684;1.649999976158142;42.75;50.0;0 days 00:00:00;0.31013235
685;1.649999976158142;42.75;50.0;0 days 01:00:00;0.4735208
686;1.649999976158142;42.650001525878906;50.0;0 days 00:00:00;0.23638424
687;1.649999976158142;42.650001525878906;50.0;0 days 01:00:00;0.34576076
688;1.649999976158142;42.54999923706055;50.0;0 days 00:00:00;0.37092462
689;1.649999976158142;42.54999923706055;50.0;0 days 01:00:00;0.54026204
690;1.649999976158142;42.45000076293945;50.0;0 days 00:00:00;0.8566925
691;1.649999976158142;42.45000076293945;50.0;0 days 01:00:00;1.2159119
692;1.649999976158142;42.349998474121094;50.0;0 days 00:00:00;1.8832412
693;1.649999976158142;42.349998474121094;50.0;0 days 01:00:00;2.4943664
694;1.649999976158142;42.25;50.0;0 days 00:00:00;1.7629826
695;1.649999976158142;42.25;50.0;0 days 01:00:00;2.287419
696;1.649999976158142;42.150001525878906;50.0;0 days 00:00:00;2.1573224
697;1.649999976158142;42.150001525878906;50.0;0 days 01:00:00;2.95321
698;1.649999976158142;42.04999923706055;50.0;0 days 00:00:00;2.9858
699;1.649999976158142;42.04999923706055;50.0;0 days 01:00:00;3.842259
700;1.649999976158142;41.95000076293945;50.0;0 days 00:00:00;2.973029
701;1.649999976158142;41.95000076293945;50.0;0 days 01:00:00;3.521251
702;1.649999976158142;41.849998474121094;50.0;0 days 00:00:00;2.4546373
703;1.649999976158142;41.849998474121094;50.0;0 days 01:00:00;2.7333388
704;1.649999976158142;41.75;50.0;0 days 00:00:00;2.2118475
705;1.649999976158142;41.75;50.0;0 days 01:00:00;2.7281759
706;1.649999976158142;41.650001525878906;50.0;0 days 00:00:00;1.9706059
707;1.649999976158142;41.650001525878906;50.0;0 days 01:00:00;2.1562388
708;1.649999976158142;41.54999923706055;50.0;0 days 00:00:00;1.5991253
709;1.649999976158142;41.54999923706055;50.0;0 days 01:00:00;1.7037474
710;1.649999976158142;41.45000076293945;50.0;0 days 00:00:00;1.2406795
711;1.649999976158142;41.45000076293945;50.0;0 days 01:00:00;1.193106
712;1.649999976158142;41.349998474121094;50.0;0 days 00:00:00;1.1006885
713;1.649999976158142;41.349998474121094;50.0;0 days 01:00:00;1.1656667
714;1.649999976158142;41.25;50.0;0 days 00:00:00;1.0251862
715;1.649999976158142;41.25;50.0;0 days 01:00:00;1.0024817
716;1.649999976158142;41.150001525878906;50.0;0 days 00:00:00;0.7940715
717;1.649999976158142;41.150001525878906;50.0;0 days 01:00:00;0.718491
718;1.649999976158142;41.04999923706055;50.0;0 days 00:00:00;0.66515595
719;1.649999976158142;41.04999923706055;50.0;0 days 01:00:00;0.6132535
720;1.649999976158142;40.95000076293945;50.0;0 days 00:00:00;0.536061
721;1.649999976158142;40.95000076293945;50.0;0 days 01:00:00;0.54273385
722;1.75;42.75;50.0;0 days 00:00:00;0.31547832
723;1.75;42.75;50.0;0 days 01:00:00;0.49827787
724;1.75;42.650001525878906;50.0;0 days 00:00:00;0.2211502
725;1.75;42.650001525878906;50.0;0 days 01:00:00;0.43713567
726;1.75;42.54999923706055;50.0;0 days 00:00:00;0.37718272
727;1.75;42.54999923706055;50.0;0 days 01:00:00;0.6392868
728;1.75;42.45000076293945;50.0;0 days 00:00:00;0.6879288
729;1.75;42.45000076293945;50.0;0 days 01:00:00;1.1959074
730;1.75;42.349998474121094;50.0;0 days 00:00:00;1.8223592
731;1.75;42.349998474121094;50.0;0 days 01:00:00;2.0152512
732;1.75;42.25;50.0;0 days 00:00:00;1.7293535
733;1.75;42.25;50.0;0 days 01:00:00;2.1744525
734;1.75;42.150001525878906;50.0;0 days 00:00:00;2.427642
735;1.75;42.150001525878906;50.0;0 days 01:00:00;2.68136
736;1.75;42.04999923706055;50.0;0 days 00:00:00;3.1353028
737;1.75;42.04999923706055;50.0;0 days 01:00:00;3.9603698
738;1.75;41.95000076293945;50.0;0 days 00:00:00;3.9705412
739;1.75;41.95000076293945;50.0;0 days 01:00:00;4.685778
740;1.75;41.849998474121094;50.0;0 days 00:00:00;2.8353214
741;1.75;41.849998474121094;50.0;0 days 01:00:00;3.6305678
742;1.75;41.75;50.0;0 days 00:00:00;2.36313
743;1.75;41.75;50.0;0 days 01:00:00;2.7473881
744;1.75;41.650001525878906;50.0;0 days 00:00:00;2.2062824
745;1.75;41.650001525878906;50.0;0 days 01:00:00;2.9108963
746;1.75;41.54999923706055;50.0;0 days 00:00:00;1.7172717
747;1.75;41.54999923706055;50.0;0 days 01:00:00;2.0712836
748;1.75;41.45000076293945;50.0;0 days 00:00:00;1.4919639
749;1.75;41.45000076293945;50.0;0 days 01:00:00;1.8360869
750;1.75;41.349998474121094;50.0;0 days 00:00:00;1.3248584
751;1.75;41.349998474121094;50.0;0 days 01:00:00;1.6732482
752;1.75;41.25;50.0;0 days 00:00:00;1.102916
753;1.75;41.25;50.0;0 days 01:00:00;1.2034906
754;1.75;41.150001525878906;50.0;0 days 00:00:00;0.7600613
755;1.75;41.150001525878906;50.0;0 days 01:00:00;0.7840395
756;1.75;41.04999923706055;50.0;0 days 00:00:00;0.6923129
757;1.75;41.04999923706055;50.0;0 days 01:00:00;0.63596416
758;1.75;40.95000076293945;50.0;0 days 00:00:00;0.5667316
759;1.75;40.95000076293945;50.0;0 days 01:00:00;0.6165415
760;1.850000023841858;42.75;50.0;0 days 00:00:00;0.3684777
761;1.850000023841858;42.75;50.0;0 days 01:00:00;0.42026561
762;1.850000023841858;42.650001525878906;50.0;0 days 00:00:00;0.213781
763;1.850000023841858;42.650001525878906;50.0;0 days 01:00:00;0.45062444
764;1.850000023841858;42.54999923706055;50.0;0 days 00:00:00;0.36341774
765;1.850000023841858;42.54999923706055;50.0;0 days 01:00:00;0.7374954
766;1.850000023841858;42.45000076293945;50.0;0 days 00:00:00;0.6603624
767;1.850000023841858;42.45000076293945;50.0;0 days 01:00:00;1.1139206
768;1.850000023841858;42.349998474121094;50.0;0 days 00:00:00;1.7470505
769;1.850000023841858;42.349998474121094;50.0;0 days 01:00:00;1.8388091
770;1.850000023841858;42.25;50.0;0 days 00:00:00;1.7691723
771;1.850000023841858;42.25;50.0;0 days 01:00:00;2.7471616
772;1.850000023841858;42.150001525878906;50.0;0 days 00:00:00;2.1240015
773;1.850000023841858;42.150001525878906;50.0;0 days 01:00:00;3.0277407
774;1.850000023841858;42.04999923706055;50.0;0 days 00:00:00;2.5950885
775;1.850000023841858;42.04999923706055;50.0;0 days 01:00:00;3.7999017
776;1.850000023841858;41.95000076293945;50.0;0 days 00:00:00;4.043379
777;1.850000023841858;41.95000076293945;50.0;0 days 01:00:00;5.083961
778;1.850000023841858;41.849998474121094;50.0;0 days 00:00:00;4.098833
779;1.850000023841858;41.849998474121094;50.0;0 days 01:00:00;4.959351
780;1.850000023841858;41.75;50.0;0 days 00:00:00;3.4303155
781;1.850000023841858;41.75;50.0;0 days 01:00:00;4.4897532
782;1.850000023841858;41.650001525878906;50.0;0 days 00:00:00;2.6406379
783;1.850000023841858;41.650001525878906;50.0;0 days 01:00:00;4.166428
784;1.850000023841858;41.54999923706055;50.0;0 days 00:00:00;2.4413698
785;1.850000023841858;41.54999923706055;50.0;0 days 01:00:00;3.079685
786;1.850000023841858;41.45000076293945;50.0;0 days 00:00:00;1.9726514
787;1.850000023841858;41.45000076293945;50.0;0 days 01:00:00;2.2279575
788;1.850000023841858;41.349998474121094;50.0;0 days 00:00:00;1.515164
789;1.850000023841858;41.349998474121094;50.0;0 days 01:00:00;2.127459
790;1.850000023841858;41.25;50.0;0 days 00:00:00;1.0909513
791;1.850000023841858;41.25;50.0;0 days 01:00:00;1.4595907
792;1.850000023841858;41.150001525878906;50.0;0 days 00:00:00;0.6749623
793;1.850000023841858;41.150001525878906;50.0;0 days 01:00:00;0.7548078
794;1.850000023841858;41.04999923706055;50.0;0 days 00:00:00;0.6830154
795;1.850000023841858;41.04999923706055;50.0;0 days 01:00:00;0.62637717
796;1.850000023841858;40.95000076293945;50.0;0 days 00:00:00;0.6291119
797;1.850000023841858;40.95000076293945;50.0;0 days 01:00:00;0.6308918
798;1.9500000476837158;42.75;50.0;0 days 00:00:00;0.31199488
799;1.9500000476837158;42.75;50.0;0 days 01:00:00;0.3297247
800;1.9500000476837158;42.650001525878906;50.0;0 days 00:00:00;0.19732837
801;1.9500000476837158;42.650001525878906;50.0;0 days 01:00:00;0.4269678
802;1.9500000476837158;42.54999923706055;50.0;0 days 00:00:00;0.34227467
803;1.9500000476837158;42.54999923706055;50.0;0 days 01:00:00;0.6840093
804;1.9500000476837158;42.45000076293945;50.0;0 days 00:00:00;0.6585319
805;1.9500000476837158;42.45000076293945;50.0;0 days 01:00:00;0.932646
806;1.9500000476837158;42.349998474121094;50.0;0 days 00:00:00;1.4499619
807;1.9500000476837158;42.349998474121094;50.0;0 days 01:00:00;1.3238246
808;1.9500000476837158;42.25;50.0;0 days 00:00:00;1.9156685
809;1.9500000476837158;42.25;50.0;0 days 01:00:00;2.4320216
810;1.9500000476837158;42.150001525878906;50.0;0 days 00:00:00;1.8725741
811;1.9500000476837158;42.150001525878906;50.0;0 days 01:00:00;2.6166492
812;1.9500000476837158;42.04999923706055;50.0;0 days 00:00:00;2.1603527
813;1.9500000476837158;42.04999923706055;50.0;0 days 01:00:00;3.1555247
814;1.9500000476837158;41.95000076293945;50.0;0 days 00:00:00;2.497333
815;1.9500000476837158;41.95000076293945;50.0;0 days 01:00:00;3.9904408
816;1.9500000476837158;41.849998474121094;50.0;0 days 00:00:00;3.5873704
817;1.9500000476837158;41.849998474121094;50.0;0 days 01:00:00;4.76543
818;1.9500000476837158;41.75;50.0;0 days 00:00:00;3.4640913
819;1.9500000476837158;41.75;50.0;0 days 01:00:00;4.588888
820;1.9500000476837158;41.650001525878906;50.0;0 days 00:00:00;2.9017303
821;1.9500000476837158;41.650001525878906;50.0;0 days 01:00:00;4.151876
822;1.9500000476837158;41.54999923706055;50.0;0 days 00:00:00;2.616349
823;1.9500000476837158;41.54999923706055;50.0;0 days 01:00:00;3.894904
824;1.9500000476837158;41.45000076293945;50.0;0 days 00:00:00;3.0254617
825;1.9500000476837158;41.45000076293945;50.0;0 days 01:00:00;3.2077434
826;1.9500000476837158;41.349998474121094;50.0;0 days 00:00:00;2.1759367
827;1.9500000476837158;41.349998474121094;50.0;0 days 01:00:00;2.6837528
828;1.9500000476837158;41.25;50.0;0 days 00:00:00;1.3593508
829;1.9500000476837158;41.25;50.0;0 days 01:00:00;1.6729693
830;1.9500000476837158;41.150001525878906;50.0;0 days 00:00:00;0.6694556
831;1.9500000476837158;41.150001525878906;50.0;0 days 01:00:00;0.71705663
832;1.9500000476837158;41.04999923706055;50.0;0 days 00:00:00;0.65671027
833;1.9500000476837158;41.04999923706055;50.0;0 days 01:00:00;0.62876546
834;1.9500000476837158;40.95000076293945;50.0;0 days 00:00:00;0.6809655
835;1.9500000476837158;40.95000076293945;50.0;0 days 01:00:00;0.64081806
836;2.049999952316284;42.75;50.0;0 days 00:00:00;0.27102143
837;2.049999952316284;42.75;50.0;0 days 01:00:00;0.24908698
838;2.049999952316284;42.650001525878906;50.0;0 days 00:00:00;0.17734258
839;2.049999952316284;42.650001525878906;50.0;0 days 01:00:00;0.42975047
840;2.049999952316284;42.54999923706055;50.0;0 days 00:00:00;0.29460433
841;2.049999952316284;42.54999923706055;50.0;0 days 01:00:00;0.58700156
842;2.049999952316284;42.45000076293945;50.0;0 days 00:00:00;0.75705755
843;2.049999952316284;42.45000076293945;50.0;0 days 01:00:00;0.7567111
844;2.049999952316284;42.349998474121094;50.0;0 days 00:00:00;0.9412053
845;2.049999952316284;42.349998474121094;50.0;0 days 01:00:00;1.0147598
846;2.049999952316284;42.25;50.0;0 days 00:00:00;1.2849898
847;2.049999952316284;42.25;50.0;0 days 01:00:00;1.4463737
848;2.049999952316284;42.150001525878906;50.0;0 days 00:00:00;1.7932376
849;2.049999952316284;42.150001525878906;50.0;0 days 01:00:00;1.8869946
850;2.049999952316284;42.04999923706055;50.0;0 days 00:00:00;2.1113732
851;2.049999952316284;42.04999923706055;50.0;0 days 01:00:00;2.6031816
852;2.049999952316284;41.95000076293945;50.0;0 days 00:00:00;2.7023973
853;2.049999952316284;41.95000076293945;50.0;0 days 01:00:00;3.9154077
854;2.049999952316284;41.849998474121094;50.0;0 days 00:00:00;2.8601458
855;2.049999952316284;41.849998474121094;50.0;0 days 01:00:00;4.1142006
856;2.049999952316284;41.75;50.0;0 days 00:00:00;2.893705
857;2.049999952316284;41.75;50.0;0 days 01:00:00;3.475556
858;2.049999952316284;41.650001525878906;50.0;0 days 00:00:00;2.8789415
859;2.049999952316284;41.650001525878906;50.0;0 days 01:00:00;3.4818974
860;2.049999952316284;41.54999923706055;50.0;0 days 00:00:00;2.9309666
861;2.049999952316284;41.54999923706055;50.0;0 days 01:00:00;3.5572345
862;2.049999952316284;41.45000076293945;50.0;0 days 00:00:00;2.8904788
863;2.049999952316284;41.45000076293945;50.0;0 days 01:00:00;3.9313505
864;2.049999952316284;41.349998474121094;50.0;0 days 00:00:00;2.9557405
865;2.049999952316284;41.349998474121094;50.0;0 days 01:00:00;3.8559644
866;2.049999952316284;41.25;50.0;0 days 00:00:00;1.8218627
867;2.049999952316284;41.25;50.0;0 days 01:00:00;2.0622678
868;2.049999952316284;41.150001525878906;50.0;0 days 00:00:00;0.7644543
869;2.049999952316284;41.150001525878906;50.0;0 days 01:00:00;0.82274365
870;2.049999952316284;41.04999923706055;50.0;0 days 00:00:00;0.6977743
871;2.049999952316284;41.04999923706055;50.0;0 days 01:00:00;0.6264207
872;2.049999952316284;40.95000076293945;50.0;0 days 00:00:00;0.7131522
873;2.049999952316284;40.95000076293945;50.0;0 days 01:00:00;0.6535812
874;2.1500000953674316;42.75;50.0;0 days 00:00:00;0.19149038
875;2.1500000953674316;42.75;50.0;0 days 01:00:00;0.21420021
876;2.1500000953674316;42.650001525878906;50.0;0 days 00:00:00;0.22145663
877;2.1500000953674316;42.650001525878906;50.0;0 days 01:00:00;0.40289816
878;2.1500000953674316;42.54999923706055;50.0;0 days 00:00:00;0.35607162
879;2.1500000953674316;42.54999923706055;50.0;0 days 01:00:00;0.4766809
880;2.1500000953674316;42.45000076293945;50.0;0 days 00:00:00;0.7041603
881;2.1500000953674316;42.45000076293945;50.0;0 days 01:00:00;0.7285381
882;2.1500000953674316;42.349998474121094;50.0;0 days 00:00:00;0.7783543
883;2.1500000953674316;42.349998474121094;50.0;0 days 01:00:00;0.919532
884;2.1500000953674316;42.25;50.0;0 days 00:00:00;1.0298811
885;2.1500000953674316;42.25;50.0;0 days 01:00:00;1.275418
886;2.1500000953674316;42.150001525878906;50.0;0 days 00:00:00;1.4761161
887;2.1500000953674316;42.150001525878906;50.0;0 days 01:00:00;1.6923734
888;2.1500000953674316;42.04999923706055;50.0;0 days 00:00:00;1.9849349
889;2.1500000953674316;42.04999923706055;50.0;0 days 01:00:00;2.3793766
890;2.1500000953674316;41.95000076293945;50.0;0 days 00:00:00;2.8406398
891;2.1500000953674316;41.95000076293945;50.0;0 days 01:00:00;3.7389655
892;2.1500000953674316;41.849998474121094;50.0;0 days 00:00:00;2.89673
893;2.1500000953674316;41.849998474121094;50.0;0 days 01:00:00;4.0662103
894;2.1500000953674316;41.75;50.0;0 days 00:00:00;2.7327855
895;2.1500000953674316;41.75;50.0;0 days 01:00:00;3.3473775
896;2.1500000953674316;41.650001525878906;50.0;0 days 00:00:00;2.291297
897;2.1500000953674316;41.650001525878906;50.0;0 days 01:00:00;2.8883207
898;2.1500000953674316;41.54999923706055;50.0;0 days 00:00:00;2.8904452
899;2.1500000953674316;41.54999923706055;50.0;0 days 01:00:00;3.3661678
900;2.1500000953674316;41.45000076293945;50.0;0 days 00:00:00;4.1888695
901;2.1500000953674316;41.45000076293945;50.0;0 days 01:00:00;4.6437325
902;2.1500000953674316;41.349998474121094;50.0;0 days 00:00:00;3.3951082
903;2.1500000953674316;41.349998474121094;50.0;0 days 01:00:00;4.8765454
904;2.1500000953674316;41.25;50.0;0 days 00:00:00;1.9417987
905;2.1500000953674316;41.25;50.0;0 days 01:00:00;2.664052
906;2.1500000953674316;41.150001525878906;50.0;0 days 00:00:00;0.9466703
907;2.1500000953674316;41.150001525878906;50.0;0 days 01:00:00;1.0920126
908;2.1500000953674316;41.04999923706055;50.0;0 days 00:00:00;0.7491536
909;2.1500000953674316;41.04999923706055;50.0;0 days 01:00:00;0.652312
910;2.1500000953674316;40.95000076293945;50.0;0 days 00:00:00;0.7317391
911;2.1500000953674316;40.95000076293945;50.0;0 days 01:00:00;0.6665477
912;2.25;42.75;50.0;0 days 00:00:00;0.20286617
913;2.25;42.75;50.0;0 days 01:00:00;0.19520296
914;2.25;42.650001525878906;50.0;0 days 00:00:00;0.463781
915;2.25;42.650001525878906;50.0;0 days 01:00:00;0.51205975
916;2.25;42.54999923706055;50.0;0 days 00:00:00;0.29810464
917;2.25;42.54999923706055;50.0;0 days 01:00:00;0.4877734
918;2.25;42.45000076293945;50.0;0 days 00:00:00;0.5079119
919;2.25;42.45000076293945;50.0;0 days 01:00:00;0.6612355
920;2.25;42.349998474121094;50.0;0 days 00:00:00;0.5569065
921;2.25;42.349998474121094;50.0;0 days 01:00:00;0.6563789
922;2.25;42.25;50.0;0 days 00:00:00;0.86973006
923;2.25;42.25;50.0;0 days 01:00:00;1.1034871
924;2.25;42.150001525878906;50.0;0 days 00:00:00;1.2599708
925;2.25;42.150001525878906;50.0;0 days 01:00:00;1.4993384
926;2.25;42.04999923706055;50.0;0 days 00:00:00;1.742169
927;2.25;42.04999923706055;50.0;0 days 01:00:00;1.9264777
928;2.25;41.95000076293945;50.0;0 days 00:00:00;2.4792178
929;2.25;41.95000076293945;50.0;0 days 01:00:00;2.8212855
930;2.25;41.849998474121094;50.0;0 days 00:00:00;2.7871296
931;2.25;41.849998474121094;50.0;0 days 01:00:00;3.0201414
932;2.25;41.75;50.0;0 days 00:00:00;2.8303003
933;2.25;41.75;50.0;0 days 01:00:00;3.2938826
934;2.25;41.650001525878906;50.0;0 days 00:00:00;2.4465647
935;2.25;41.650001525878906;50.0;0 days 01:00:00;3.0472708
936;2.25;41.54999923706055;50.0;0 days 00:00:00;3.1777346
937;2.25;41.54999923706055;50.0;0 days 01:00:00;3.3736339
938;2.25;41.45000076293945;50.0;0 days 00:00:00;3.6578856
939;2.25;41.45000076293945;50.0;0 days 01:00:00;4.0643363
940;2.25;41.349998474121094;50.0;0 days 00:00:00;3.652203
941;2.25;41.349998474121094;50.0;0 days 01:00:00;3.9990401
942;2.25;41.25;50.0;0 days 00:00:00;2.020828
943;2.25;41.25;50.0;0 days 01:00:00;2.541266
944;2.25;41.150001525878906;50.0;0 days 00:00:00;1.1516886
945;2.25;41.150001525878906;50.0;0 days 01:00:00;1.2688606
946;2.25;41.04999923706055;50.0;0 days 00:00:00;0.8474581
947;2.25;41.04999923706055;50.0;0 days 01:00:00;0.7297114
948;2.25;40.95000076293945;50.0;0 days 00:00:00;0.7326078
949;2.25;40.95000076293945;50.0;0 days 01:00:00;0.68303764
950;2.3499999046325684;42.75;50.0;0 days 00:00:00;0.20696867
951;2.3499999046325684;42.75;50.0;0 days 01:00:00;0.20620129
952;2.3499999046325684;42.650001525878906;50.0;0 days 00:00:00;0.49090597
953;2.3499999046325684;42.650001525878906;50.0;0 days 01:00:00;0.50950974
954;2.3499999046325684;42.54999923706055;50.0;0 days 00:00:00;0.18125589
955;2.3499999046325684;42.54999923706055;50.0;0 days 01:00:00;0.36339465
956;2.3499999046325684;42.45000076293945;50.0;0 days 00:00:00;0.23625901
957;2.3499999046325684;42.45000076293945;50.0;0 days 01:00:00;0.36021498
958;2.3499999046325684;42.349998474121094;50.0;0 days 00:00:00;0.48822546
959;2.3499999046325684;42.349998474121094;50.0;0 days 01:00:00;0.5220251
960;2.3499999046325684;42.25;50.0;0 days 00:00:00;0.7716681
961;2.3499999046325684;42.25;50.0;0 days 01:00:00;0.8780807
962;2.3499999046325684;42.150001525878906;50.0;0 days 00:00:00;1.1935385
963;2.3499999046325684;42.150001525878906;50.0;0 days 01:00:00;1.3291093
964;2.3499999046325684;42.04999923706055;50.0;0 days 00:00:00;1.3576118
965;2.3499999046325684;42.04999923706055;50.0;0 days 01:00:00;1.3370816
966;2.3499999046325684;41.95000076293945;50.0;0 days 00:00:00;1.7319489
967;2.3499999046325684;41.95000076293945;50.0;0 days 01:00:00;2.1246126
968;2.3499999046325684;41.849998474121094;50.0;0 days 00:00:00;1.9116122
969;2.3499999046325684;41.849998474121094;50.0;0 days 01:00:00;1.8596537
970;2.3499999046325684;41.75;50.0;0 days 00:00:00;2.293099
971;2.3499999046325684;41.75;50.0;0 days 01:00:00;2.508443
972;2.3499999046325684;41.650001525878906;50.0;0 days 00:00:00;2.658177
973;2.3499999046325684;41.650001525878906;50.0;0 days 01:00:00;2.6978304
974;2.3499999046325684;41.54999923706055;50.0;0 days 00:00:00;2.6809914
975;2.3499999046325684;41.54999923706055;50.0;0 days 01:00:00;3.3259706
976;2.3499999046325684;41.45000076293945;50.0;0 days 00:00:00;2.6036499
977;2.3499999046325684;41.45000076293945;50.0;0 days 01:00:00;3.0085037
978;2.3499999046325684;41.349998474121094;50.0;0 days 00:00:00;2.696372
979;2.3499999046325684;41.349998474121094;50.0;0 days 01:00:00;2.749605
980;2.3499999046325684;41.25;50.0;0 days 00:00:00;1.9799726
981;2.3499999046325684;41.25;50.0;0 days 01:00:00;2.0001564
982;2.3499999046325684;41.150001525878906;50.0;0 days 00:00:00;1.3251737
983;2.3499999046325684;41.150001525878906;50.0;0 days 01:00:00;1.2064669
984;2.3499999046325684;41.04999923706055;50.0;0 days 00:00:00;0.96937126
985;2.3499999046325684;41.04999923706055;50.0;0 days 01:00:00;0.84070706
986;2.3499999046325684;40.95000076293945;50.0;0 days 00:00:00;0.76045656
987;2.3499999046325684;40.95000076293945;50.0;0 days 01:00:00;0.7113838
988;2.450000047683716;42.75;50.0;0 days 00:00:00;0.22524826
989;2.450000047683716;42.75;50.0;0 days 01:00:00;0.20200996
990;2.450000047683716;42.650001525878906;50.0;0 days 00:00:00;0.4075371
991;2.450000047683716;42.650001525878906;50.0;0 days 01:00:00;0.47093263
992;2.450000047683716;42.54999923706055;50.0;0 days 00:00:00;0.1592646
993;2.450000047683716;42.54999923706055;50.0;0 days 01:00:00;0.21162094
994;2.450000047683716;42.45000076293945;50.0;0 days 00:00:00;0.16351986
995;2.450000047683716;42.45000076293945;50.0;0 days 01:00:00;0.17976464
996;2.450000047683716;42.349998474121094;50.0;0 days 00:00:00;0.3615792
997;2.450000047683716;42.349998474121094;50.0;0 days 01:00:00;0.38824144
998;2.450000047683716;42.25;50.0;0 days 00:00:00;0.71804607
999;2.450000047683716;42.25;50.0;0 days 01:00:00;0.7465903
1000;2.450000047683716;42.150001525878906;50.0;0 days 00:00:00;1.3433796
1001;2.450000047683716;42.150001525878906;50.0;0 days 01:00:00;1.3258327
1002;2.450000047683716;42.04999923706055;50.0;0 days 00:00:00;1.1763656
1003;2.450000047683716;42.04999923706055;50.0;0 days 01:00:00;1.2420864
1004;2.450000047683716;41.95000076293945;50.0;0 days 00:00:00;1.0727544
1005;2.450000047683716;41.95000076293945;50.0;0 days 01:00:00;1.1482228
1006;2.450000047683716;41.849998474121094;50.0;0 days 00:00:00;1.4841497
1007;2.450000047683716;41.849998474121094;50.0;0 days 01:00:00;1.4274626
1008;2.450000047683716;41.75;50.0;0 days 00:00:00;1.9896582
1009;2.450000047683716;41.75;50.0;0 days 01:00:00;1.9424107
1010;2.450000047683716;41.650001525878906;50.0;0 days 00:00:00;2.3247519
1011;2.450000047683716;41.650001525878906;50.0;0 days 01:00:00;2.4795241
1012;2.450000047683716;41.54999923706055;50.0;0 days 00:00:00;2.5868268
1013;2.450000047683716;41.54999923706055;50.0;0 days 01:00:00;2.429724
1014;2.450000047683716;41.45000076293945;50.0;0 days 00:00:00;2.119629
1015;2.450000047683716;41.45000076293945;50.0;0 days 01:00:00;2.3289478
1016;2.450000047683716;41.349998474121094;50.0;0 days 00:00:00;2.092861
1017;2.450000047683716;41.349998474121094;50.0;0 days 01:00:00;2.1452484
1018;2.450000047683716;41.25;50.0;0 days 00:00:00;1.7613324
1019;2.450000047683716;41.25;50.0;0 days 01:00:00;2.0409389
1020;2.450000047683716;41.150001525878906;50.0;0 days 00:00:00;1.4958462
1021;2.450000047683716;41.150001525878906;50.0;0 days 01:00:00;1.3839036
1022;2.450000047683716;41.04999923706055;50.0;0 days 00:00:00;1.0242536
1023;2.450000047683716;41.04999923706055;50.0;0 days 01:00:00;0.9633601
1024;2.450000047683716;40.95000076293945;50.0;0 days 00:00:00;0.7972831
1025;2.450000047683716;40.95000076293945;50.0;0 days 01:00:00;0.7760583
1026;2.549999952316284;42.75;50.0;0 days 00:00:00;0.22919266
1027;2.549999952316284;42.75;50.0;0 days 01:00:00;0.19297186
1028;2.549999952316284;42.650001525878906;50.0;0 days 00:00:00;0.3311511
1029;2.549999952316284;42.650001525878906;50.0;0 days 01:00:00;0.36393732
1030;2.549999952316284;42.54999923706055;50.0;0 days 00:00:00;0.18476687
1031;2.549999952316284;42.54999923706055;50.0;0 days 01:00:00;0.27766588
1032;2.549999952316284;42.45000076293945;50.0;0 days 00:00:00;0.14692426
1033;2.549999952316284;42.45000076293945;50.0;0 days 01:00:00;0.121398
1034;2.549999952316284;42.349998474121094;50.0;0 days 00:00:00;0.24697578
1035;2.549999952316284;42.349998474121094;50.0;0 days 01:00:00;0.2647713
1036;2.549999952316284;42.25;50.0;0 days 00:00:00;0.5300569
1037;2.549999952316284;42.25;50.0;0 days 01:00:00;0.6418599
1038;2.549999952316284;42.150001525878906;50.0;0 days 00:00:00;1.128293
1039;2.549999952316284;42.150001525878906;50.0;0 days 01:00:00;1.1126398
1040;2.549999952316284;42.04999923706055;50.0;0 days 00:00:00;1.066442
1041;2.549999952316284;42.04999923706055;50.0;0 days 01:00:00;1.3219727
1042;2.549999952316284;41.95000076293945;50.0;0 days 00:00:00;1.0908376
1043;2.549999952316284;41.95000076293945;50.0;0 days 01:00:00;1.1826832
1044;2.549999952316284;41.849998474121094;50.0;0 days 00:00:00;1.4898758
1045;2.549999952316284;41.849998474121094;50.0;0 days 01:00:00;1.4202168
1046;2.549999952316284;41.75;50.0;0 days 00:00:00;2.0619507
1047;2.549999952316284;41.75;50.0;0 days 01:00:00;1.9318502
1048;2.549999952316284;41.650001525878906;50.0;0 days 00:00:00;1.820645
1049;2.549999952316284;41.650001525878906;50.0;0 days 01:00:00;1.9100597
1050;2.549999952316284;41.54999923706055;50.0;0 days 00:00:00;1.7803705
1051;2.549999952316284;41.54999923706055;50.0;0 days 01:00:00;1.6684085
1052;2.549999952316284;41.45000076293945;50.0;0 days 00:00:00;1.6326593
1053;2.549999952316284;41.45000076293945;50.0;0 days 01:00:00;1.552527
1054;2.549999952316284;41.349998474121094;50.0;0 days 00:00:00;1.6337065
1055;2.549999952316284;41.349998474121094;50.0;0 days 01:00:00;1.7557529
1056;2.549999952316284;41.25;50.0;0 days 00:00:00;1.6671712
1057;2.549999952316284;41.25;50.0;0 days 01:00:00;1.7808235
1058;2.549999952316284;41.150001525878906;50.0;0 days 00:00:00;1.5068089
1059;2.549999952316284;41.150001525878906;50.0;0 days 01:00:00;1.4656836
1060;2.549999952316284;41.04999923706055;50.0;0 days 00:00:00;1.1280346
1061;2.549999952316284;41.04999923706055;50.0;0 days 01:00:00;1.0420047
1062;2.549999952316284;40.95000076293945;50.0;0 days 00:00:00;0.8458052
1063;2.549999952316284;40.95000076293945;50.0;0 days 01:00:00;0.8672414
1064;2.6500000953674316;42.75;50.0;0 days 00:00:00;0.22722712
1065;2.6500000953674316;42.75;50.0;0 days 01:00:00;0.18484503
1066;2.6500000953674316;42.650001525878906;50.0;0 days 00:00:00;0.28974333
1067;2.6500000953674316;42.650001525878906;50.0;0 days 01:00:00;0.30945912
1068;2.6500000953674316;42.54999923706055;50.0;0 days 00:00:00;0.19608404
1069;2.6500000953674316;42.54999923706055;50.0;0 days 01:00:00;0.27164227
1070;2.6500000953674316;42.45000076293945;50.0;0 days 00:00:00;0.1708198
1071;2.6500000953674316;42.45000076293945;50.0;0 days 01:00:00;0.23262991
1072;2.6500000953674316;42.349998474121094;50.0;0 days 00:00:00;0.21547031
1073;2.6500000953674316;42.349998474121094;50.0;0 days 01:00:00;0.20146108
1074;2.6500000953674316;42.25;50.0;0 days 00:00:00;0.46792436
1075;2.6500000953674316;42.25;50.0;0 days 01:00:00;0.669651
1076;2.6500000953674316;42.150001525878906;50.0;0 days 00:00:00;0.78140074
1077;2.6500000953674316;42.150001525878906;50.0;0 days 01:00:00;1.1293713
1078;2.6500000953674316;42.04999923706055;50.0;0 days 00:00:00;0.91995656
1079;2.6500000953674316;42.04999923706055;50.0;0 days 01:00:00;1.149754
1080;2.6500000953674316;41.95000076293945;50.0;0 days 00:00:00;1.4878001
1081;2.6500000953674316;41.95000076293945;50.0;0 days 01:00:00;1.7592168
1082;2.6500000953674316;41.849998474121094;50.0;0 days 00:00:00;1.5179955
1083;2.6500000953674316;41.849998474121094;50.0;0 days 01:00:00;1.5971242
1084;2.6500000953674316;41.75;50.0;0 days 00:00:00;1.9684902
1085;2.6500000953674316;41.75;50.0;0 days 01:00:00;2.1668231
1086;2.6500000953674316;41.650001525878906;50.0;0 days 00:00:00;2.057436
1087;2.6500000953674316;41.650001525878906;50.0;0 days 01:00:00;2.0133336
1088;2.6500000953674316;41.54999923706055;50.0;0 days 00:00:00;1.6117471
1089;2.6500000953674316;41.54999923706055;50.0;0 days 01:00:00;1.3013874
1090;2.6500000953674316;41.45000076293945;50.0;0 days 00:00:00;1.510247
1091;2.6500000953674316;41.45000076293945;50.0;0 days 01:00:00;1.371772
1092;2.6500000953674316;41.349998474121094;50.0;0 days 00:00:00;1.1418626
1093;2.6500000953674316;41.349998474121094;50.0;0 days 01:00:00;1.2320483
1094;2.6500000953674316;41.25;50.0;0 days 00:00:00;1.369525
1095;2.6500000953674316;41.25;50.0;0 days 01:00:00;1.3969723
1096;2.6500000953674316;41.150001525878906;50.0;0 days 00:00:00;1.3796732
1097;2.6500000953674316;41.150001525878906;50.0;0 days 01:00:00;1.4102044
1098;2.6500000953674316;41.04999923706055;50.0;0 days 00:00:00;1.141613
1099;2.6500000953674316;41.04999923706055;50.0;0 days 01:00:00;1.131065
1100;2.6500000953674316;40.95000076293945;50.0;0 days 00:00:00;0.88301724
1101;2.6500000953674316;40.95000076293945;50.0;0 days 01:00:00;0.9153647
1102;2.75;42.75;50.0;0 days 00:00:00;0.2000533
1103;2.75;42.75;50.0;0 days 01:00:00;0.20469403
1104;2.75;42.650001525878906;50.0;0 days 00:00:00;0.27955595
1105;2.75;42.650001525878906;50.0;0 days 01:00:00;0.28014392
1106;2.75;42.54999923706055;50.0;0 days 00:00:00;0.22926639
1107;2.75;42.54999923706055;50.0;0 days 01:00:00;0.29678482
1108;2.75;42.45000076293945;50.0;0 days 00:00:00;0.1961018
1109;2.75;42.45000076293945;50.0;0 days 01:00:00;0.2669136
1110;2.75;42.349998474121094;50.0;0 days 00:00:00;0.28854874
1111;2.75;42.349998474121094;50.0;0 days 01:00:00;0.41838798
1112;2.75;42.25;50.0;0 days 00:00:00;0.45322767
1113;2.75;42.25;50.0;0 days 01:00:00;0.63233864
1114;2.75;42.150001525878906;50.0;0 days 00:00:00;0.77996457
1115;2.75;42.150001525878906;50.0;0 days 01:00:00;1.2944819
1116;2.75;42.04999923706055;50.0;0 days 00:00:00;0.894226
1117;2.75;42.04999923706055;50.0;0 days 01:00:00;1.4394664
1118;2.75;41.95000076293945;50.0;0 days 00:00:00;1.7448328
1119;2.75;41.95000076293945;50.0;0 days 01:00:00;2.7994657
1120;2.75;41.849998474121094;50.0;0 days 00:00:00;1.8831035
1121;2.75;41.849998474121094;50.0;0 days 01:00:00;2.7717543
1122;2.75;41.75;50.0;0 days 00:00:00;1.9670132
1123;2.75;41.75;50.0;0 days 01:00:00;2.6225796
1124;2.75;41.650001525878906;50.0;0 days 00:00:00;1.631153
1125;2.75;41.650001525878906;50.0;0 days 01:00:00;1.9713955
1126;2.75;41.54999923706055;50.0;0 days 00:00:00;1.1710668
1127;2.75;41.54999923706055;50.0;0 days 01:00:00;1.049421
1128;2.75;41.45000076293945;50.0;0 days 00:00:00;0.8974821
1129;2.75;41.45000076293945;50.0;0 days 01:00:00;0.74009067
1130;2.75;41.349998474121094;50.0;0 days 00:00:00;1.1550654
1131;2.75;41.349998474121094;50.0;0 days 01:00:00;1.141074
1132;2.75;41.25;50.0;0 days 00:00:00;1.0887194
1133;2.75;41.25;50.0;0 days 01:00:00;1.1104522
1134;2.75;41.150001525878906;50.0;0 days 00:00:00;1.1978365
1135;2.75;41.150001525878906;50.0;0 days 01:00:00;1.2011325
1136;2.75;41.04999923706055;50.0;0 days 00:00:00;1.0724363
1137;2.75;41.04999923706055;50.0;0 days 01:00:00;1.1119266
1138;2.75;40.95000076293945;50.0;0 days 00:00:00;0.87755316
1139;2.75;40.95000076293945;50.0;0 days 01:00:00;0.9555086
1140;2.8499999046325684;42.75;50.0;0 days 00:00:00;0.17987655
1141;2.8499999046325684;42.75;50.0;0 days 01:00:00;0.17723955
1142;2.8499999046325684;42.650001525878906;50.0;0 days 00:00:00;0.28822365
1143;2.8499999046325684;42.650001525878906;50.0;0 days 01:00:00;0.30150726
1144;2.8499999046325684;42.54999923706055;50.0;0 days 00:00:00;0.22929303
1145;2.8499999046325684;42.54999923706055;50.0;0 days 01:00:00;0.2965468
1146;2.8499999046325684;42.45000076293945;50.0;0 days 00:00:00;0.22542056
1147;2.8499999046325684;42.45000076293945;50.0;0 days 01:00:00;0.25348702
1148;2.8499999046325684;42.349998474121094;50.0;0 days 00:00:00;0.33582026
1149;2.8499999046325684;42.349998474121094;50.0;0 days 01:00:00;0.45386717
1150;2.8499999046325684;42.25;50.0;0 days 00:00:00;0.716569
1151;2.8499999046325684;42.25;50.0;0 days 01:00:00;1.0311778
1152;2.8499999046325684;42.150001525878906;50.0;0 days 00:00:00;1.4916992
1153;2.8499999046325684;42.150001525878906;50.0;0 days 01:00:00;1.8578205
1154;2.8499999046325684;42.04999923706055;50.0;0 days 00:00:00;1.0522188
1155;2.8499999046325684;42.04999923706055;50.0;0 days 01:00:00;1.8701893
1156;2.8499999046325684;41.95000076293945;50.0;0 days 00:00:00;1.8613102
1157;2.8499999046325684;41.95000076293945;50.0;0 days 01:00:00;2.7168987
1158;2.8499999046325684;41.849998474121094;50.0;0 days 00:00:00;2.129272
1159;2.8499999046325684;41.849998474121094;50.0;0 days 01:00:00;2.5275152
1160;2.8499999046325684;41.75;50.0;0 days 00:00:00;1.8491057
1161;2.8499999046325684;41.75;50.0;0 days 01:00:00;1.9927216
1162;2.8499999046325684;41.650001525878906;50.0;0 days 00:00:00;1.014862
1163;2.8499999046325684;41.650001525878906;50.0;0 days 01:00:00;1.2831159
1164;2.8499999046325684;41.54999923706055;50.0;0 days 00:00:00;0.5076597
1165;2.8499999046325684;41.54999923706055;50.0;0 days 01:00:00;0.49908966
1166;2.8499999046325684;41.45000076293945;50.0;0 days 00:00:00;0.7293925
1167;2.8499999046325684;41.45000076293945;50.0;0 days 01:00:00;0.48779115
1168;2.8499999046325684;41.349998474121094;50.0;0 days 00:00:00;1.0348166
1169;2.8499999046325684;41.349998474121094;50.0;0 days 01:00:00;0.8410162
1170;2.8499999046325684;41.25;50.0;0 days 00:00:00;0.97305983
1171;2.8499999046325684;41.25;50.0;0 days 01:00:00;0.94797593
1172;2.8499999046325684;41.150001525878906;50.0;0 days 00:00:00;1.0089298
1173;2.8499999046325684;41.150001525878906;50.0;0 days 01:00:00;1.0510855
1174;2.8499999046325684;41.04999923706055;50.0;0 days 00:00:00;1.0212933
1175;2.8499999046325684;41.04999923706055;50.0;0 days 01:00:00;1.0280691
1176;2.8499999046325684;40.95000076293945;50.0;0 days 00:00:00;0.8715331
1177;2.8499999046325684;40.95000076293945;50.0;0 days 01:00:00;0.9909611
1178;2.950000047683716;42.75;50.0;0 days 00:00:00;0.16613021
1179;2.950000047683716;42.75;50.0;0 days 01:00:00;0.17254554
1180;2.950000047683716;42.650001525878906;50.0;0 days 00:00:00;0.27411497
1181;2.950000047683716;42.650001525878906;50.0;0 days 01:00:00;0.2992051
1182;2.950000047683716;42.54999923706055;50.0;0 days 00:00:00;0.20905589
1183;2.950000047683716;42.54999923706055;50.0;0 days 01:00:00;0.2928342
1184;2.950000047683716;42.45000076293945;50.0;0 days 00:00:00;0.19555469
1185;2.950000047683716;42.45000076293945;50.0;0 days 01:00:00;0.21185987
1186;2.950000047683716;42.349998474121094;50.0;0 days 00:00:00;0.30522606
1187;2.950000047683716;42.349998474121094;50.0;0 days 01:00:00;0.41192827
1188;2.950000047683716;42.25;50.0;0 days 00:00:00;0.8573853
1189;2.950000047683716;42.25;50.0;0 days 01:00:00;0.9981127
1190;2.950000047683716;42.150001525878906;50.0;0 days 00:00:00;1.0402114
1191;2.950000047683716;42.150001525878906;50.0;0 days 01:00:00;1.5709549
1192;2.950000047683716;42.04999923706055;50.0;0 days 00:00:00;1.1773391
1193;2.950000047683716;42.04999923706055;50.0;0 days 01:00:00;2.042567
1194;2.950000047683716;41.95000076293945;50.0;0 days 00:00:00;1.3153523
1195;2.950000047683716;41.95000076293945;50.0;0 days 01:00:00;1.7096591
1196;2.950000047683716;41.849998474121094;50.0;0 days 00:00:00;1.2535626
1197;2.950000047683716;41.849998474121094;50.0;0 days 01:00:00;1.4700525
1198;2.950000047683716;41.75;50.0;0 days 00:00:00;0.82641363
1199;2.950000047683716;41.75;50.0;0 days 01:00:00;1.0002079
1200;2.950000047683716;41.650001525878906;50.0;0 days 00:00:00;0.5819354
1201;2.950000047683716;41.650001525878906;50.0;0 days 01:00:00;0.6601884
1202;2.950000047683716;41.54999923706055;50.0;0 days 00:00:00;0.3516787
1203;2.950000047683716;41.54999923706055;50.0;0 days 01:00:00;0.4643228
1204;2.950000047683716;41.45000076293945;50.0;0 days 00:00:00;0.45760906
1205;2.950000047683716;41.45000076293945;50.0;0 days 01:00:00;0.38039437
1206;2.950000047683716;41.349998474121094;50.0;0 days 00:00:00;0.76467097
1207;2.950000047683716;41.349998474121094;50.0;0 days 01:00:00;0.5554597
1208;2.950000047683716;41.25;50.0;0 days 00:00:00;0.8737313
1209;2.950000047683716;41.25;50.0;0 days 01:00:00;0.83327746
1210;2.950000047683716;41.150001525878906;50.0;0 days 00:00:00;1.0149703
1211;2.950000047683716;41.150001525878906;50.0;0 days 01:00:00;1.0019088
1212;2.950000047683716;41.04999923706055;50.0;0 days 00:00:00;0.9817711
1213;2.950000047683716;41.04999923706055;50.0;0 days 01:00:00;1.0161569
1214;2.950000047683716;40.95000076293945;50.0;0 days 00:00:00;0.87491435
1215;2.950000047683716;40.95000076293945;50.0;0 days 01:00:00;1.0194058
1216;3.049999952316284;42.75;50.0;0 days 00:00:00;0.15898128
1217;3.049999952316284;42.75;50.0;0 days 01:00:00;0.14857538
1218;3.049999952316284;42.650001525878906;50.0;0 days 00:00:00;0.21030289
1219;3.049999952316284;42.650001525878906;50.0;0 days 01:00:00;0.2079581
1220;3.049999952316284;42.54999923706055;50.0;0 days 00:00:00;0.2514673
1221;3.049999952316284;42.54999923706055;50.0;0 days 01:00:00;0.22758684
1222;3.049999952316284;42.45000076293945;50.0;0 days 00:00:00;0.2108278
1223;3.049999952316284;42.45000076293945;50.0;0 days 01:00:00;0.21191937
1224;3.049999952316284;42.349998474121094;50.0;0 days 00:00:00;0.29924506
1225;3.049999952316284;42.349998474121094;50.0;0 days 01:00:00;0.38972646
1226;3.049999952316284;42.25;50.0;0 days 00:00:00;0.78987217
1227;3.049999952316284;42.25;50.0;0 days 01:00:00;0.81980824
1228;3.049999952316284;42.150001525878906;50.0;0 days 00:00:00;1.6243105
1229;3.049999952316284;42.150001525878906;50.0;0 days 01:00:00;1.5571526
1230;3.049999952316284;42.04999923706055;50.0;0 days 00:00:00;1.386244
1231;3.049999952316284;42.04999923706055;50.0;0 days 01:00:00;1.7998358
1232;3.049999952316284;41.95000076293945;50.0;0 days 00:00:00;1.2324843
1233;3.049999952316284;41.95000076293945;50.0;0 days 01:00:00;1.4203802
1234;3.049999952316284;41.849998474121094;50.0;0 days 00:00:00;0.82772547
1235;3.049999952316284;41.849998474121094;50.0;0 days 01:00:00;0.90641004
1236;3.049999952316284;41.75;50.0;0 days 00:00:00;0.6236851
1237;3.049999952316284;41.75;50.0;0 days 01:00:00;0.7473178
1238;3.049999952316284;41.650001525878906;50.0;0 days 00:00:00;0.52733815
1239;3.049999952316284;41.650001525878906;50.0;0 days 01:00:00;0.5632517
1240;3.049999952316284;41.54999923706055;50.0;0 days 00:00:00;0.3390763
1241;3.049999952316284;41.54999923706055;50.0;0 days 01:00:00;0.45622617
1242;3.049999952316284;41.45000076293945;50.0;0 days 00:00:00;0.3831584
1243;3.049999952316284;41.45000076293945;50.0;0 days 01:00:00;0.33823788
1244;3.049999952316284;41.349998474121094;50.0;0 days 00:00:00;0.6550831
1245;3.049999952316284;41.349998474121094;50.0;0 days 01:00:00;0.4760139
1246;3.049999952316284;41.25;50.0;0 days 00:00:00;0.8238894
1247;3.049999952316284;41.25;50.0;0 days 01:00:00;0.67927617
1248;3.049999952316284;41.150001525878906;50.0;0 days 00:00:00;0.8855627
1249;3.049999952316284;41.150001525878906;50.0;0 days 01:00:00;0.84080654
1250;3.049999952316284;41.04999923706055;50.0;0 days 00:00:00;1.0016699
1251;3.049999952316284;41.04999923706055;50.0;0 days 01:00:00;0.9929044
1252;3.049999952316284;40.95000076293945;50.0;0 days 00:00:00;0.87253404
1253;3.049999952316284;40.95000076293945;50.0;0 days 01:00:00;1.035624
